DATA,TESTES REALIZADOS,TESTES NEGATIVADOS,TESTES CONFIRMADOS,N� DE CASOS POR DIA,MASCULINO,FEMININO,�BITOS,ISOLAMENTO DOMICILIAR,ALTA ISOLAMENTO DOMICILIAR,N� DE LEITOS UTI P�BLICO E PRIVADO,N� DE LEITOS DE UTI P�BLICO,N� DE LEITOS DE UTI PRIVADO,N� DE LEITOS  ENFERMARIA  P�BLICO E PRIVADO,N� DE LEITOS DE ENFERMARIA P�BLICO,N� DE LEITOS DE ENFERMARIA PRIVADO,INTERNADOS P�BLICO E PRIVADO,UTI SUS OCUPA��O,ENFERMARIA SUS OCUPA��O,UTI PRIVADO OCUPA��O,ENFERMARIA PRIVADO OCUPA��O
29/09/2021,603206,325126,278080,30,122479,155601,6009,2070,269960,142,109,33,173,130,43,41,16,10,6,9
28/09/2021,602593,324543,278050,14,122469,155581,6008,2065,269937,139,109,30,182,130,52,40,17,7,9,7
27/09/2021,602132,324096,278036,22,122463,155573,6008,2083,269900,139,109,30,182,130,52,45,17,12,7,9
26/09/2021,602067,324053,278014,19,122457,155557,6008,2108,269855,139,109,30,182,130,52,43,16,13,7,7
25/09/2021,601869,323874,277995,31,122451,155544,6008,2139,269807,139,109,30,182,130,52,41,15,13,8,5
24/09/2021,601365,323401,277964,24,122438,155526,6008,2133,269783,139,109,30,182,130,52,40,13,16,6,5
23/09/2021,601005,323065,277940,16,122429,155511,6007,2114,269773,139,109,30,182,130,52,46,11,23,5,7
22/09/2021,600461,322537,277924,15,122425,155499,6006,2329,269545,139,109,30,192,130,62,44,15,21,3,4
21/09/2021,600097,322188,277909,21,122416,155493,6005,2308,269540,139,109,30,192,130,62,56,18,28,4,6
20/09/2021,599630,321742,277888,32,122406,155482,6005,2302,269527,139,109,30,192,130,62,54,21,26,5,2
19/09/2021,599575,321719,277856,21,122386,155470,6005,2285,269515,139,109,30,192,130,62,51,15,26,4,6
18/09/2021,599173,321338,277835,16,122376,155459,6004,2273,269507,139,109,30,192,130,62,51,18,23,3,7
17/09/2021,598741,320922,277819,28,122369,155450,6004,2252,269506,147,109,38,192,130,62,57,17,28,6,6
16/09/2021,598050,320259,277791,44,122354,155437,6003,2230,269501,147,109,38,192,130,62,57,19,26,6,6
15/09/2021,597875,320128,277747,61,122339,155408,6003,2210,269481,155,117,38,192,130,62,53,19,23,6,5
14/09/2021,597508,319822,277686,17,122315,155371,6003,2148,269473,165,127,38,192,130,62,62,20,23,9,10
13/09/2021,597149,319480,277669,16,122309,155360,6003,2143,269455,165,127,38,192,130,62,68,23,27,8,10
12/09/2021,597086,319433,277653,10,122301,155352,6003,2143,269444,165,127,38,192,130,62,63,23,21,9,10
11/09/2021,596677,319034,277643,18,122294,155349,6003,2137,269434,165,127,38,192,130,62,69,24,23,10,12
10/09/2021,596253,318628,277625,14,122286,155339,6003,2135,269418,165,127,38,192,130,62,69,23,27,11,8
09/09/2021,595877,318266,277611,11,122278,155333,6002,2124,269412,165,127,38,192,130,62,73,25,26,15,7
08/09/2021,595500,317900,277600,11,122273,155327,6001,2122,269404,165,127,38,205,143,62,73,26,30,12,5
07/09/2021,595316,317727,277589,11,122269,155320,6001,2453,269059,174,127,47,205,143,62,76,24,37,8,7
06/09/2021,594990,317412,277578,12,122261,155317,6001,2457,269049,175,127,48,205,143,62,71,24,30,9,8
05/09/2021,594882,317316,277566,22,122258,155308,6001,2459,269040,175,127,48,205,143,62,66,24,30,9,3
04/09/2021,594174,316630,277544,16,122250,155294,6001,2443,269026,175,127,48,205,143,62,74,25,35,9,5
03/09/2021,593883,316355,277528,26,122243,155285,6000,2442,269006,174,127,47,205,143,62,80,24,41,9,6
02/09/2021,593291,315789,277502,32,122228,155274,5998,2446,268976,174,127,47,205,143,62,82,24,43,6,9
01/09/2021,592638,315168,277470,15,122215,155255,5995,2751,268655,174,127,47,205,143,62,69,25,30,7,7
31/08/2021,592259,314804,277455,13,122207,155248,5992,2739,268636,174,127,47,205,143,62,88,27,44,9,8
30/08/2021,591782,314340,277442,32,122199,155243,5989,2738,268622,174,127,47,205,143,62,93,30,42,10,11
29/08/2021,591665,314255,277410,27,122187,155223,5986,2733,268607,174,127,47,205,143,62,84,32,31,11,10
28/08/2021,591039,313656,277383,16,122172,155211,5984,2718,268590,174,127,47,205,143,62,91,32,38,12,9
27/08/2021,590456,313089,277367,18,122162,155205,5981,2734,268560,174,127,47,205,143,62,92,35,37,11,9
26/08/2021,589887,312538,277349,66,122152,155197,5978,2729,268546,174,127,47,205,143,62,96,38,40,10,8
25/08/2021,589214,311931,277283,56,122120,155163,5975,2708,268496,184,137,47,215,153,62,104,42,46,11,5
24/08/2021,588639,311412,277227,33,122089,155138,5972,3124,268022,184,137,47,215,153,62,109,42,50,15,2
23/08/2021,588038,310844,277194,7,122072,155122,5970,3099,268011,180,137,43,215,153,62,114,41,54,11,8
22/08/2021,587953,310766,277187,110,122068,155119,5967,3182,267926,180,137,43,215,153,62,112,41,51,12,8
21/08/2021,587150,310073,277077,32,122014,155063,5964,3148,267852,180,137,43,215,153,62,113,41,51,12,9
20/08/2021,586546,309501,277045,36,122000,155045,5961,3377,267597,180,137,43,215,153,62,110,41,50,11,8
19/08/2021,585580,308571,277009,55,121988,155021,5958,3717,267229,180,137,43,215,153,62,105,41,45,11,8
18/08/2021,584732,307778,276954,63,121963,154991,5954,3788,267109,191,137,54,215,153,62,103,39,50,8,6
17/08/2021,583937,307046,276891,17,121935,154956,5951,3842,266979,191,137,54,215,153,62,119,43,53,10,13
16/08/2021,583448,306574,276874,9,121926,154948,5949,3868,266948,191,137,54,215,153,62,109,41,44,10,14
15/08/2021,583346,306481,276865,44,121921,154944,5948,3981,266840,191,137,54,215,153,62,96,36,42,10,8
14/08/2021,582705,305884,276821,37,121904,154917,5947,3990,266784,191,137,54,215,153,62,100,41,41,10,8
13/08/2021,581903,305119,276784,131,121889,154895,5946,3991,266731,191,137,54,215,153,62,116,44,52,10,10
12/08/2021,581063,304410,276653,149,121826,154827,5946,4013,266574,191,137,54,256,194,62,120,45,51,11,13
11/08/2021,580006,303502,276504,286,121751,154753,5942,3970,266473,191,137,54,256,194,62,119,47,48,12,12
10/08/2021,579058,302840,276218,442,121624,154594,5941,4591,265563,191,137,54,256,194,62,123,47,54,13,9
09/08/2021,578236,302460,275776,158,121443,154333,5938,4195,265530,205,137,68,256,194,62,113,47,42,17,7
08/08/2021,577981,302363,275618,69,121370,154248,5937,4111,265452,205,137,68,256,194,62,118,46,45,17,10
07/08/2021,577247,301698,275549,76,121333,154216,5936,4182,265316,205,137,68,256,194,62,115,47,42,18,8
06/08/2021,576540,301067,275473,140,121303,154170,5932,4281,265137,205,137,68,256,194,62,123,49,48,18,8
05/08/2021,575772,300439,275333,236,121241,154092,5929,4193,265083,205,137,68,256,194,62,128,49,49,18,12
04/08/2021,575128,300031,275097,116,121141,153956,5925,4538,264499,213,137,76,256,194,62,135,49,57,17,12
03/08/2021,574117,299136,274981,249,121089,153892,5922,4550,264381,213,137,76,276,194,82,128,46,53,17,12
02/08/2021,573453,298721,274732,137,120981,153751,5918,4411,264260,223,137,86,276,194,82,143,48,55,24,16
01/08/2021,573228,298633,274595,333,120911,153684,5915,4563,263977,223,137,86,299,217,82,140,49,49,26,16
31/07/2021,572142,297880,274262,238,120782,153480,5910,4392,263814,246,160,86,299,217,82,146,50,53,26,17
30/07/2021,571494,297470,274024,161,120679,153345,5908,4588,263367,273,177,96,299,217,82,161,62,53,25,21
29/07/2021,570617,296754,273863,234,120616,153247,5907,4432,263362,283,177,106,338,237,101,162,67,47,28,20
28/07/2021,569652,296023,273629,180,120517,153112,5903,4400,263141,283,177,106,378,277,101,185,66,59,33,27
27/07/2021,568705,295256,273449,119,120442,153007,5901,4259,263096,283,177,106,378,277,101,193,70,69,32,22
26/07/2021,568046,294716,273330,282,120386,152944,5896,4285,262944,283,177,106,378,277,101,205,77,75,37,16
25/07/2021,567673,294625,273048,203,120271,152777,5893,4185,262762,283,177,106,378,277,101,208,80,72,38,18
24/07/2021,566628,293782,272846,169,120181,152665,5891,4085,262656,283,177,106,378,277,101,214,83,78,36,17
23/07/2021,565884,293207,272677,457,120106,152571,5888,4010,262556,283,177,106,378,277,101,223,83,87,35,18
22/07/2021,564466,292246,272220,299,119908,152312,5882,3658,262440,293,177,116,385,277,108,240,95,85,40,20
21/07/2021,563078,291757,271921,382,119771,152150,5876,3567,262233,303,187,116,385,277,108,245,93,85,37,30
20/07/2021,562610,291071,271539,527,119609,151930,5870,7481,257946,323,207,116,397,289,108,242,86,81,41,34
19/07/2021,561828,290816,271012,177,119393,151619,5864,7176,257719,343,207,136,416,289,127,253,90,80,42,41
18/07/2021,561320,290485,270835,216,119328,151507,5860,7224,257480,343,207,136,416,289,127,271,97,85,44,45
17/07/2021,560479,289860,270619,147,119245,151374,5857,7135,257342,343,207,136,416,289,127,285,96,92,46,51
16/07/2021,559563,289091,270472,395,119186,151286,5853,7241,257087,343,207,136,416,289,127,291,103,95,48,45
15/07/2021,558020,287943,270077,509,119004,151073,5846,7055,256875,343,207,136,416,289,127,301,104,96,56,45
14/07/2021,556851,287283,269568,370,118776,150792,5837,6695,256722,364,228,136,436,309,127,314,108,103,61,42
13/07/2021,555823,286625,269198,120,118581,150617,5829,10852,252181,364,228,136,436,309,127,336,110,107,68,51
12/07/2021,555157,286079,269078,275,118528,150550,5820,10896,252026,374,238,136,436,309,127,336,116,97,73,50
11/07/2021,554659,285856,268803,299,118421,150382,5811,10824,251829,374,238,136,436,309,127,339,114,94,75,56
10/07/2021,553350,284846,268504,275,118303,150201,5802,10839,251510,374,238,136,436,309,127,353,122,103,73,55
09/07/2021,552831,284602,268229,633,118175,150054,5794,10724,251350,374,238,136,436,309,127,361,120,118,70,53
08/07/2021,551500,283904,267596,489,117898,149698,5786,10290,251152,374,238,136,436,309,127,368,119,116,81,52
07/07/2021,549813,282706,267107,517,117656,149451,5779,9931,251011,384,238,146,450,309,141,386,122,124,87,53
06/07/2021,548478,281888,266590,317,117412,149178,5773,12130,248279,384,238,146,480,339,141,408,126,125,92,65
05/07/2021,548046,281773,266273,348,117264,149009,5765,12020,248076,384,238,146,480,339,141,412,133,121,94,64
04/07/2021,547382,281457,265925,647,117100,148825,5756,11893,247841,384,238,146,480,339,141,435,148,125,95,67
03/07/2021,545511,280233,265278,480,116816,148462,5743,11564,247523,384,238,146,480,339,141,448,156,126,98,68
02/07/2021,544111,279313,264798,585,116618,148180,5732,11263,247334,384,238,146,480,339,141,469,166,126,107,70
01/07/2021,542553,278340,264213,701,116365,147848,5714,10916,247089,394,238,156,480,339,141,494,181,131,109,73
30/06/2021,541427,277915,263512,398,116059,147453,5698,12979,244331,394,238,156,495,339,156,504,187,133,106,78
29/06/2021,540420,277306,263114,350,115861,147253,5681,12885,244013,404,238,166,495,339,156,535,199,140,107,89
28/06/2021,539365,276601,262764,317,115683,147081,5664,12872,243689,414,238,176,495,339,156,539,205,128,114,92
27/06/2021,538347,275900,262447,475,115543,146904,5652,12980,243249,414,238,176,495,339,156,566,206,138,125,97
26/06/2021,537302,275330,261972,608,115323,146649,5646,12760,242985,414,238,176,495,339,156,581,213,136,131,101
25/06/2021,535774,274410,261364,1071,115016,146348,5634,12449,242694,414,238,176,495,339,156,587,217,131,134,105
24/06/2021,533248,272955,260293,629,114539,145754,5617,14454,239596,416,238,178,502,339,163,626,223,144,132,127
23/06/2021,531325,271661,259664,580,114248,145416,5604,14150,239259,416,238,178,502,339,163,651,225,156,141,129
22/06/2021,529984,270900,259084,659,113993,145091,5583,13959,238862,416,238,178,502,339,163,680,225,189,138,128
21/06/2021,528545,270120,258425,1018,113672,144753,5562,13542,238636,416,238,178,502,339,163,685,231,187,142,125
20/06/2021,525691,268284,257407,472,113227,144180,5548,12862,238312,415,237,178,500,339,161,685,223,193,140,129
19/06/2021,524892,267957,256935,816,113018,143917,5527,12559,238161,415,237,178,513,339,174,688,230,195,140,123
18/06/2021,522714,266595,256119,1263,112616,143503,5503,11843,238054,415,237,178,513,339,174,719,229,205,149,136
17/06/2021,520020,265164,254856,635,112033,142823,5478,10856,237796,415,237,178,513,339,174,726,228,203,153,142
16/06/2021,518873,264652,254221,806,111740,142481,5453,16100,231928,416,238,178,513,339,174,740,229,217,151,143
15/06/2021,516919,263504,253415,662,111356,142059,5429,15753,231468,418,238,180,523,339,184,765,229,226,157,153
14/06/2021,515811,263058,252753,902,111054,141699,5405,15644,230928,421,238,183,530,339,181,776,227,216,165,168
13/06/2021,514143,262292,251851,1309,110622,141229,5381,15187,230512,421,238,183,530,339,181,771,231,217,162,161
12/06/2021,511451,260909,250542,1130,110055,140487,5365,14125,230243,421,238,183,530,339,181,809,234,224,180,171
11/06/2021,509310,259898,249412,922,109543,139869,5344,13122,230141,421,238,183,530,339,181,805,233,219,171,182
10/06/2021,507506,259016,248490,1349,109139,139351,5319,12637,229728,421,238,183,530,339,191,806,233,227,174,172
09/06/2021,505161,258020,247141,836,108531,138610,5295,19100,221923,421,238,183,530,339,191,823,231,239,170,183
08/06/2021,503478,257173,246305,972,108139,138166,5270,18923,221273,421,238,183,530,339,191,839,229,240,174,196
07/06/2021,501982,256649,245333,1259,107712,137621,5246,18583,220672,410,227,183,530,339,191,832,225,245,184,178
06/06/2021,499810,255736,244074,1365,107129,136945,5220,18491,219529,411,226,185,530,339,191,834,225,250,172,187
05/06/2021,497763,255054,242709,1561,106495,136214,5200,17246,219425,411,226,185,530,339,191,838,224,266,174,174
04/06/2021,494944,253796,241148,851,105778,135370,5180,15937,219176,410,225,185,530,339,191,855,224,267,175,189
03/06/2021,493402,253105,240297,897,105366,134931,5160,15466,218824,410,228,182,530,339,191,847,225,248,174,200
02/06/2021,491893,252493,239400,1124,104961,134439,5138,20677,212717,420,238,182,530,339,191,868,233,252,177,206
01/06/2021,490012,251736,238276,1371,104424,133852,5114,20149,212176,410,228,182,530,339,191,837,227,240,165,205
31/05/2021,487728,250823,236905,1385,103790,133115,5091,19302,211682,421,239,182,545,354,191,830,229,224,174,203
30/05/2021,485482,249962,235520,1588,103168,132352,5071,18316,211330,409,229,180,545,354,191,803,225,216,170,192
29/05/2021,482729,248797,233932,1677,102419,131513,5054,17184,210895,419,239,180,545,354,191,799,228,216,167,188
28/05/2021,479562,247307,232255,1619,101621,130634,5032,15805,210627,419,239,180,545,354,191,791,231,201,164,195
27/05/2021,476966,246330,230636,1866,100910,129726,5004,16297,208515,424,239,185,544,354,190,820,234,220,166,200
26/05/2021,473956,245186,228770,1111,100098,128672,4980,14835,208146,424,239,185,574,354,220,809,233,214,165,197
25/05/2021,471943,244284,227659,1109,99605,128054,4953,14040,207868,424,239,185,569,354,215,798,237,213,166,182
24/05/2021,470161,243611,226550,1293,99090,127460,4927,13006,207834,413,228,185,569,354,215,783,224,240,172,147
23/05/2021,468181,242924,225257,1468,98512,126745,4902,12354,207226,411,221,190,574,354,220,775,216,218,172,169
22/05/2021,466186,242397,223789,1323,97890,125899,4887,11290,206819,429,239,190,574,354,220,793,232,225,168,168
21/05/2021,463897,241431,222466,924,97328,125138,4859,10210,206609,427,237,190,574,354,220,788,217,235,170,166
20/05/2021,462006,240464,221542,923,96913,124629,4831,9305,206602,426,236,190,574,354,220,804,219,241,174,170
19/05/2021,460295,239676,220619,1112,96465,124154,4802,14720,200282,426,236,190,572,352,220,815,224,241,176,174
18/05/2021,458451,238844,219607,1004,96009,123598,4774,13995,200030,420,235,185,572,352,220,808,215,240,164,189
17/05/2021,456774,238171,218603,1100,95552,123051,4746,13291,199778,422,237,185,562,352,210,788,220,219,168,181
16/05/2021,454726,237223,217503,955,95069,122434,4718,12593,199379,419,234,185,562,352,210,813,213,238,180,182
15/05/2021,452798,236250,216548,717,94620,121928,4696,12030,199007,421,236,185,562,352,210,815,221,240,172,182
14/05/2021,451281,235450,215831,1169,94268,121563,4669,11812,198523,421,236,185,562,352,210,827,221,250,166,190
13/05/2021,449081,234419,214662,899,93702,120960,4640,15126,194081,419,234,185,562,352,210,815,220,239,173,183
12/05/2021,447237,233474,213763,702,93292,120471,4612,14667,193678,413,228,185,562,352,210,806,218,242,158,188
11/05/2021,445820,232759,213061,1193,92984,120077,4583,14453,193213,415,230,185,562,352,210,812,221,227,172,192
10/05/2021,443784,231916,211868,836,92446,119422,4554,13323,193177,416,231,185,562,352,210,814,225,236,157,196
09/05/2021,442219,231187,211032,713,92084,118948,4526,13068,192625,422,238,184,572,352,220,813,219,231,154,209
08/05/2021,440726,230407,210319,887,91764,118555,4498,12716,192282,422,238,184,572,352,220,823,218,239,160,206
07/05/2021,438812,229380,209432,1075,91349,118083,4469,12485,191647,430,230,200,580,352,228,831,227,245,163,196
06/05/2021,436878,228521,208357,1031,90845,117512,4441,11904,191196,429,229,200,580,352,228,816,224,240,167,185
05/05/2021,435032,227706,207326,1245,90362,116964,4412,11237,190891,431,231,200,550,322,228,786,226,210,162,188
04/05/2021,432957,226876,206081,872,89835,116246,4384,13556,187341,431,231,200,550,322,228,800,228,224,171,177
03/05/2021,431270,226061,205209,1075,89442,115767,4357,13028,186990,433,233,200,550,322,228,834,229,237,185,183
02/05/2021,429375,225241,204134,1098,88958,115176,4329,12375,186596,433,233,200,550,322,228,834,223,230,187,194
01/05/2021,427365,224329,203036,1257,88466,114570,4302,11449,186450,433,233,200,550,322,228,835,220,234,190,191
30/04/2021,425359,223580,201779,655,87928,113851,4274,10329,186310,433,233,200,550,322,228,866,229,249,183,205
29/04/2021,424205,223081,201124,1100,87637,113487,4246,10093,185920,431,231,200,550,322,228,865,228,240,189,208
28/04/2021,422325,222301,200024,1281,87162,112862,4218,12687,182303,431,231,200,550,322,228,816,227,205,188,196
27/04/2021,420472,221729,198743,1181,86570,112173,4192,11568,182182,431,231,200,550,322,228,801,227,200,193,181
26/04/2021,418511,220949,197562,863,86063,111499,4165,10738,181849,433,233,200,550,322,228,810,226,214,197,173
25/04/2021,417049,220350,196699,706,85654,111045,4137,10177,181578,433,233,200,550,322,228,807,222,215,186,184
24/04/2021,415588,219595,195993,802,85348,110645,4115,9750,181292,433,233,200,550,322,228,836,227,227,187,195
23/04/2021,413922,218731,195191,879,84982,110209,4088,9402,180584,433,233,200,550,322,228,847,220,231,194,202
22/04/2021,411932,217620,194312,1041,84577,109735,4061,9337,180067,433,233,200,550,322,228,847,224,237,188,198
21/04/2021,409833,216652,193271,729,84104,109167,4034,12172,176222,424,232,192,550,322,228,843,225,239,192,187
20/04/2021,408216,215674,192542,1005,83772,108770,4009,11735,175961,417,225,192,550,322,228,837,218,239,195,185
19/04/2021,406505,214968,191537,1303,83336,108201,3982,11144,175573,418,226,192,561,322,239,838,218,240,193,187
18/04/2021,403771,213537,190234,661,82720,107514,3955,10161,175275,421,229,192,561,322,239,843,215,238,188,202
17/04/2021,402065,212492,189573,914,82446,107127,3929,9900,174893,421,229,192,561,322,239,851,218,236,190,207
16/04/2021,399970,211311,188659,1003,82052,106607,3903,9372,174523,421,229,192,567,322,245,861,220,242,179,220
15/04/2021,398044,210388,187656,673,81630,106026,3876,11609,171324,421,229,192,539,294,245,847,220,209,189,229
14/04/2021,396512,209529,186983,965,81340,105643,3849,11501,170788,421,229,192,539,294,245,845,210,206,183,246
13/04/2021,394840,208822,186018,1059,80900,105118,3822,11075,170284,404,227,177,536,294,242,837,220,193,185,239
12/04/2021,392600,207641,184959,846,80429,104530,3796,10556,169771,404,227,177,536,294,242,836,214,197,189,236
11/04/2021,391028,206915,184113,1001,80062,104051,3770,10128,169394,404,227,177,536,294,242,821,211,198,166,246
10/04/2021,389055,205943,183112,1098,79608,103506,3744,9576,168961,394,227,167,530,294,236,831,210,203,169,249
09/04/2021,386688,204674,182014,702,79112,102902,3719,8789,168687,394,227,167,530,294,236,819,206,194,176,243
08/04/2021,385171,203859,181312,829,78799,102513,3693,8896,167895,394,227,167,525,289,236,828,204,204,173,247
07/04/2021,383489,203006,180483,693,78435,102048,3668,12364,163639,394,227,167,521,285,236,812,214,199,160,239
06/04/2021,382127,202337,179790,512,78108,101682,3642,11861,163462,394,227,167,521,285,236,825,217,206,169,233
05/04/2021,381554,202276,179278,977,77874,101404,3617,11753,163077,394,227,167,510,274,236,831,214,201,179,237
04/04/2021,379783,201482,178301,1040,77421,100880,3592,13775,160100,394,227,167,510,274,236,834,207,189,182,256
03/04/2021,377599,200338,177261,904,76970,100291,3572,12963,159900,394,227,167,510,274,236,826,208,196,186,236
02/04/2021,375796,199439,176357,775,76561,99796,3550,12524,159475,394,227,167,510,274,236,808,204,190,187,227
01/04/2021,374226,198644,175582,982,76221,99361,3525,12266,158966,394,227,167,510,274,236,825,206,192,183,244
31/03/2021,371034,196434,174600,907,75784,98816,3501,11635,158658,394,227,167,510,274,236,806,207,181,190,228
30/03/2021,369144,195451,173693,807,75364,98329,3478,11311,158089,397,227,170,510,274,236,815,198,187,186,244
29/03/2021,367294,194408,172886,1185,75024,97862,3456,10925,157682,397,227,170,505,274,231,823,197,194,186,246
28/03/2021,365115,193414,171701,440,74521,97180,3432,10127,157335,394,227,167,505,274,231,807,203,185,181,238
27/03/2021,363815,192554,171261,848,74335,96926,3411,10084,156960,394,227,167,505,274,231,806,205,195,179,227
26/03/2021,362189,191776,170413,955,73974,96439,3389,9862,156354,394,227,167,505,274,231,808,204,184,184,236
25/03/2021,360242,190784,169458,922,73567,95891,3368,9096,156175,388,221,167,505,274,231,819,200,194,183,242
24/03/2021,358707,190171,168536,800,73169,95367,3347,8522,155880,390,221,169,501,274,227,787,192,176,196,223
23/03/2021,356852,189116,167736,1119,72840,94896,3322,11028,152566,389,220,169,498,271,227,820,193,199,194,234
22/03/2021,354532,187915,166617,701,72349,94268,3298,10555,151980,389,220,169,490,271,219,784,186,182,200,219
21/03/2021,352891,186975,165916,1326,72037,93879,3276,10016,151871,389,220,169,490,271,219,753,172,182,182,217
20/03/2021,349258,184668,164590,1062,71484,93106,3257,8803,151774,389,220,169,490,271,219,756,178,181,178,219
19/03/2021,346186,182658,163528,877,71016,92512,3234,7838,151724,366,205,161,468,255,213,732,172,177,166,217
18/03/2021,344192,181541,162651,810,70622,92029,3210,7275,151446,346,185,161,468,255,213,720,161,167,170,222
17/03/2021,342486,180645,161841,1468,70272,91569,3187,9449,148505,346,185,161,440,235,205,701,158,162,161,220
16/03/2021,338852,178479,160373,516,69612,90761,3163,8306,148224,346,185,161,414,207,207,686,166,146,161,213
15/03/2021,337480,177623,159857,1057,69387,90470,3141,8415,147624,339,183,156,414,207,207,677,161,140,162,214
14/03/2021,334536,175736,158800,549,68919,89881,3123,7406,147621,332,183,155,398,207,191,650,155,142,150,203
13/03/2021,333106,174855,158251,716,68684,89567,3105,7148,147365,332,183,155,398,207,191,633,154,141,149,189
12/03/2021,331281,173746,157535,195,68372,89163,3088,6715,147094,332,183,155,398,207,191,638,152,133,147,206
11/03/2021,330833,173493,157340,252,68284,89056,3072,6830,146808,335,183,152,395,207,188,630,150,132,151,197
10/03/2021,330481,173393,157088,597,68165,88923,3057,7787,145647,331,183,148,389,207,182,604,144,124,145,191
09/03/2021,329561,173070,156491,382,67928,88563,3043,7220,145642,327,183,144,371,207,164,586,136,128,136,186
08/03/2021,328626,172517,156109,725,67757,88352,3032,7457,145048,316,172,144,361,203,158,575,138,129,135,173
07/03/2021,326861,171477,155384,1218,67458,87926,3023,6984,144848,317,172,145,339,192,147,529,132,118,124,155
06/03/2021,324183,170008,154175,144,66937,87238,3013,6095,144559,315,172,143,339,192,147,508,125,115,123,145
05/03/2021,323953,169922,154031,549,66860,87171,3003,6202,144322,310,172,138,331,189,142,504,121,118,120,145
04/03/2021,322544,169062,153482,496,66648,86834,2993,5853,144160,301,172,129,323,189,134,476,112,118,115,131
03/03/2021,321437,168451,152986,619,66443,86543,2984,7120,142450,302,172,130,314,189,125,432,105,95,114,118
02/03/2021,319972,167605,152367,364,66196,86198,2976,6666,142298,302,172,130,315,189,126,427,104,94,107,122
01/03/2021,319231,167228,152003,592,65996,86007,2969,6504,142095,302,172,130,315,189,126,435,98,95,107,135
28/02/2021,317813,166402,151411,878,65748,85633,2961,6166,141867,295,172,123,312,189,123,417,98,95,98,126
27/02/2021,316020,165487,150533,491,65355,85178,2955,5474,141697,286,172,114,311,189,122,407,100,86,87,134
26/02/2021,314802,164760,150042,405,65144,84898,2947,5294,141391,286,172,114,311,189,122,410,104,90,89,127
25/02/2021,313844,164207,149637,560,64974,84663,2940,5313,140979,284,172,112,311,189,122,405,108,87,89,121
24/02/2021,312519,163442,149077,451,64737,84343,2930,7010,138751,284,172,112,308,189,119,386,103,87,84,112
23/02/2021,311722,163095,148627,255,64511,84116,2921,6868,138457,274,172,102,308,189,119,381,95,93,80,113
22/02/2021,311009,162637,148372,346,64408,83964,2914,6890,138176,274,172,102,308,189,119,392,102,85,90,115
21/02/2021,310081,162055,148026,427,64241,83785,2909,6792,137941,269,172,97,296,189,107,384,100,87,85,112
20/02/2021,308800,161201,147599,333,64060,83539,2906,6691,137634,269,172,97,293,189,104,368,96,94,82,96
19/02/2021,307847,160581,147266,429,63895,83371,2901,6743,137264,269,172,97,293,189,104,358,97,96,77,88
18/02/2021,306707,159870,146837,279,63694,83143,2896,6655,136929,269,172,97,293,189,104,357,96,95,76,90
17/02/2021,305922,159364,146558,464,63574,82984,2893,7288,136031,260,172,88,293,189,104,346,97,94,60,95
16/02/2021,304867,158773,146094,417,63350,82744,2886,7018,135858,259,172,87,300,189,111,332,90,91,62,89
15/02/2021,304263,157586,145677,648,63167,82510,2881,6877,135603,253,172,81,300,189,111,316,88,86,62,80
14/02/2021,302666,157637,145029,536,62881,82148,2876,6532,135294,253,172,81,294,189,105,327,93,90,59,85
13/02/2021,301610,157117,144493,656,62650,81843,2869,6322,134977,253,172,81,294,189,105,325,93,89,57,86
12/02/2021,299990,156153,143837,437,62377,81460,2861,6067,134583,253,172,81,294,189,105,326,89,93,56,88
11/02/2021,298844,155444,143400,499,62188,81212,2855,5954,134274,254,172,82,294,189,105,317,83,89,57,88
10/02/2021,297769,154868,142901,828,61949,80952,2849,5787,133948,254,172,82,294,189,105,317,85,84,63,85
09/02/2021,295979,153906,142073,609,61608,80465,2842,8135,130782,254,172,82,294,189,105,314,86,80,59,89
08/02/2021,294950,153486,141464,841,61156,80308,2834,7883,130434,254,172,82,294,189,105,313,81,89,56,87
07/02/2021,293528,152905,140623,351,60806,79817,2827,7402,130074,254,172,82,296,189,107,320,85,90,62,83
06/02/2021,292514,152242,140272,267,60651,79621,2826,7429,129710,254,172,82,296,189,107,307,82,91,56,78
05/02/2021,292003,151998,140005,394,60539,79466,2818,7389,129472,254,172,82,296,189,107,326,91,96,53,86
04/02/2021,291127,151516,139611,388,60367,79244,2809,12601,123868,254,172,82,296,189,107,333,93,101,54,85
03/02/2021,290415,151192,139223,612,60192,79031,2801,12651,123444,254,172,82,296,189,107,327,94,98,53,82
02/02/2021,289548,150937,138611,424,59932,78679,2794,12275,123220,254,172,82,296,189,107,322,94,98,57,73
01/02/2021,288629,150442,138187,770,59766,78421,2786,12275,122806,254,172,82,296,189,107,320,90,102,61,67
31/01/2021,287231,149814,137417,618,59465,77952,2778,11834,122467,254,172,82,296,189,107,338,99,102,59,78
30/01/2021,285990,149191,136799,519,59217,77582,2773,11584,122106,254,172,82,296,189,107,336,96,102,55,83
29/01/2021,284791,148511,136280,895,58835,77445,2766,11430,121751,254,172,82,296,189,107,333,96,100,55,82
28/01/2021,283381,147996,135385,829,58454,76931,2760,10765,121531,254,172,82,286,189,97,329,100,92,57,80
27/01/2021,282370,147814,134556,553,58128,76428,2755,10150,121325,254,172,82,286,189,97,326,99,92,49,84
26/01/2021,281345,147342,134003,348,57891,76112,2746,9968,120959,254,172,82,286,189,97,330,106,91,46,87
25/01/2021,280414,146759,133655,826,57743,75912,2736,9907,120667,254,172,82,286,189,97,345,109,105,48,83
24/01/2021,279132,146303,132829,492,57145,75684,2727,9571,120184,258,176,82,286,189,97,347,110,106,53,78
23/01/2021,278329,145992,132337,502,56950,75387,2719,9710,119565,258,176,82,286,189,97,343,112,104,50,77
22/01/2021,277135,145300,131835,812,56741,75094,2710,9615,119170,258,176,82,286,189,97,340,111,108,48,73
21/01/2021,275576,144553,131023,737,56399,74624,2697,8418,118830,260,178,82,286,189,97,341,116,102,49,74
20/01/2021,273433,143147,130286,781,56129,74157,2685,9950,117317,277,195,82,286,189,97,334,111,102,49,72
19/01/2021,271836,142331,129505,651,55821,73684,2674,10502,115984,277,195,82,299,189,110,345,114,107,51,73
18/01/2021,270574,141720,128854,459,55592,73262,2662,10437,115406,277,195,82,299,189,110,349,113,105,52,79
17/01/2021,269440,141045,128395,680,55404,72991,2652,10687,114699,277,195,82,299,189,110,357,122,115,56,64
16/01/2021,268235,140520,127715,366,55115,72600,2640,10366,113971,277,195,82,299,189,110,372,123,120,56,73
15/01/2021,267695,140346,127349,1145,54973,72376,2629,10744,113603,277,195,82,299,189,110,373,127,124,54,68
14/01/2021,265504,139300,126204,1262,54473,71731,2617,13086,110127,277,195,82,313,189,124,374,132,116,53,73
13/01/2021,264138,139196,124942,666,53938,71004,2607,12650,109313,277,195,82,305,189,116,372,124,122,54,72
12/01/2021,263324,139048,124276,440,53649,70627,2595,12646,108673,277,195,82,305,189,116,362,114,123,52,73
11/01/2021,262556,138720,123836,1242,53455,70381,2585,12899,107971,277,195,82,305,189,116,381,126,122,57,76
10/01/2021,261302,138708,122594,1372,52964,69630,2574,12516,107105,277,195,82,300,184,116,399,138,124,59,78
09/01/2021,259865,138643,121222,960,52392,68830,2563,11660,106614,277,195,82,295,179,116,385,136,117,55,77
08/01/2021,258793,138477,120262,1217,52019,68243,2554,11167,106176,277,195,82,295,179,116,365,129,110,53,73
07/01/2021,257305,138260,119045,1227,51535,67510,2544,10590,105553,269,195,74,295,179,116,358,137,110,50,61
06/01/2021,255912,138094,117818,1039,51068,66750,2532,9940,104999,269,195,74,295,179,116,347,129,111,43,64
05/01/2021,254565,137786,116779,1143,50625,66154,2524,9139,104778,269,195,74,295,179,116,338,126,100,43,69
04/01/2021,253152,137516,115636,951,50178,65458,2516,10700,102086,263,195,68,294,179,115,334,130,96,43,65
03/01/2021,251985,137300,114685,769,49775,64910,2508,10288,101564,257,189,68,280,179,101,325,122,97,53,56
02/01/2021,251057,137141,113916,372,49458,64458,2500,10189,100906,257,189,68,280,179,101,321,120,93,46,62
01/01/2021,250619,137075,113544,1039,49184,64360,2492,10773,99959,256,189,67,280,179,101,320,117,93,48,62
31/12/2020,249373,136868,112505,770,48744,63761,2484,9877,99824,256,189,67,280,179,101,320,121,94,48,57
30/12/2020,248393,136658,111735,931,48424,63311,2476,9537,99413,256,189,67,280,179,101,309,119,87,46,57
29/12/2020,247302,136498,110804,803,48029,62775,2468,9136,98886,248,181,67,274,179,95,314,113,94,51,56
28/12/2020,246335,136334,110001,1058,47687,62314,2461,9308,97916,228,161,67,247,161,86,316,118,90,56,52
27/12/2020,245044,136101,108943,777,47258,61685,2454,7598,97804,228,161,67,247,161,86,310,115,89,53,53
26/12/2020,244158,135992,108166,445,46947,61219,2448,8632,96777,228,161,67,247,161,86,309,112,89,54,54
25/12/2020,243624,135903,107721,825,46772,60949,2441,9110,95873,228,161,67,247,161,86,297,104,92,55,46
24/12/2020,242553,135657,106896,1223,46448,60448,2434,8983,95180,228,161,67,247,161,86,299,100,94,56,49
23/12/2020,241092,135419,105673,655,45937,59736,2427,8126,94825,228,161,67,247,161,86,295,98,96,51,50
22/12/2020,239880,134862,105018,592,45662,59356,2420,7830,94466,228,161,67,247,161,86,302,109,89,52,52
21/12/2020,238612,134186,104426,471,45390,59036,2413,7786,93921,226,161,65,249,161,88,306,112,96,39,59
20/12/2020,237647,133692,103955,913,45209,58746,2407,7566,93691,226,161,65,249,161,88,291,115,87,41,48
19/12/2020,235930,132888,103042,1232,44805,58237,2401,8612,91743,226,161,65,249,161,88,286,108,86,41,51
18/12/2020,230296,128486,101810,104,44291,57519,2394,9341,89789,226,161,65,230,155,75,286,107,87,41,51
17/12/2020,230007,128301,101706,558,44253,57453,2387,9414,89603,215,151,64,230,155,75,302,115,86,42,61
16/12/2020,228599,127451,101148,777,44028,57120,2381,9842,88648,193,137,56,224,155,69,277,98,84,36,59
15/12/2020,227297,126926,100371,618,43721,56650,2374,9696,88024,193,137,56,224,155,69,277,92,88,40,57
14/12/2020,226222,126469,99753,602,43484,56269,2370,9440,87671,193,137,56,224,155,69,272,91,90,39,52
13/12/2020,224740,125589,99151,679,43231,55920,2365,9026,87498,193,137,56,224,155,69,262,90,86,39,47
12/12/2020,223583,125111,98472,910,42968,55504,2361,8994,86854,193,137,56,224,155,69,263,92,83,41,47
11/12/2020,220444,122882,97562,572,42588,54974,2356,8113,86829,193,137,56,224,155,69,264,88,90,36,50
10/12/2020,219421,122431,96990,650,42353,54637,2351,7761,86601,193,137,56,234,165,69,277,92,97,39,49
09/12/2020,218754,122408,96346,853,42105,54241,2346,7489,86256,183,127,56,234,165,69,255,81,89,34,51
08/12/2020,217691,122198,95493,319,41743,53750,2341,7281,86060,179,127,52,228,165,63,261,81,91,37,52
07/12/2020,217288,122114,95174,723,41586,53588,2337,6801,85783,179,127,52,228,165,63,253,82,87,37,47
06/12/2020,216326,121875,94451,2597,41285,53166,2333,6231,85637,179,127,52,228,165,63,250,80,95,35,40
05/12/2020,213100,121246,91854,61,40185,51669,2329,4675,84605,179,127,52,228,165,63,245,75,94,35,41
04/12/2020,212793,121000,91793,75,40154,51639,2324,4788,84436,179,127,52,228,165,63,245,73,91,38,43
03/12/2020,212643,120925,91718,798,40123,51595,2320,4712,83907,179,127,52,238,175,63,239,70,94,33,42
02/12/2020,211689,120769,90920,534,39734,51186,2316,4709,83654,179,127,52,238,175,63,241,66,96,34,45
01/12/2020,211003,120617,90386,238,39499,50887,2312,4459,83392,179,127,52,236,175,61,223,64,85,32,42
30/11/2020,210612,120464,90148,150,39403,50745,2308,4391,83225,179,127,52,236,175,61,224,68,86,30,40
29/11/2020,210213,120215,89998,491,39339,50659,2304,4253,83225,182,127,55,238,175,63,216,70,86,23,37
28/11/2020,209151,119644,89507,508,39067,50440,2300,4010,82989,182,127,55,238,175,63,208,62,87,21,38
27/11/2020,207965,118966,88999,338,38850,50149,2296,3570,82927,183,127,56,238,175,63,206,62,82,22,40
26/11/2020,207166,118505,88661,561,38703,49958,2292,3935,82246,183,127,56,238,175,63,188,61,73,23,31
25/11/2020,205871,117771,88100,300,38457,49643,2288,3394,82246,183,127,56,238,175,63,172,55,65,22,34
24/11/2020,205445,117645,87800,323,38325,49475,2283,3351,82011,183,127,56,238,175,63,155,47,60,21,27
23/11/2020,204859,117382,87477,229,38184,49293,2279,3121,81922,183,127,56,238,175,63,155,45,65,19,26
22/11/2020,204007,116759,87248,159,38091,49157,2275,2943,81868,183,127,56,238,175,63,162,47,70,16,29
21/11/2020,203231,116142,87089,242,38025,49064,2274,2863,81794,183,127,56,238,175,63,158,48,68,16,26
20/11/2020,202465,115618,86847,235,37921,48926,2274,2745,81667,183,127,56,238,175,63,161,51,72,16,23
19/11/2020,201810,115198,86612,251,37825,48787,2270,5297,78896,183,127,56,238,175,63,149,49,62,18,20
18/11/2020,201186,114825,86361,88,37702,48659,2266,5087,78876,183,127,56,238,175,63,132,48,54,15,15
17/11/2020,200945,114672,86273,127,37664,48609,2263,5272,78604,183,127,56,238,175,63,134,48,55,16,15
16/11/2020,200589,114443,86146,101,37617,48529,2260,5189,78559,183,127,56,238,175,63,141,49,52,21,19
15/11/2020,200183,114138,86045,65,37575,48470,2259,5159,78494,183,127,56,261,185,76,133,47,51,18,17
14/11/2020,199753,113773,85980,87,37552,48428,2257,5151,78441,183,127,56,261,185,76,131,46,51,19,15
13/11/2020,199075,113182,85893,89,37502,48391,2254,5145,78367,183,127,56,261,185,76,127,45,49,23,10
12/11/2020,198497,112693,85804,161,37469,48335,2250,5069,78346,183,127,56,261,185,76,139,53,56,20,10
11/11/2020,198276,112633,85643,69,37422,48221,2247,4958,78295,183,127,56,261,185,76,143,54,58,21,10
10/11/2020,198047,112473,85574,97,37389,48185,2246,4902,78278,183,127,56,261,185,76,148,46,68,21,13
09/11/2020,197638,112161,85377,100,37351,48126,2244,4831,78248,183,127,56,261,185,76,154,46,65,27,16
08/11/2020,197243,111866,85377,151,37307,48070,2243,4786,78189,183,127,56,261,185,76,159,47,68,25,19
07/11/2020,196557,111331,85226,173,37233,47993,2239,4826,78003,183,127,56,261,185,76,158,56,61,24,17
06/11/2020,195624,110571,85053,243,37166,47887,2235,4782,77872,183,127,56,261,185,76,164,55,63,26,20
05/11/2020,194347,109537,84810,101,37067,47747,2231,4651,77760,183,127,56,261,185,76,168,59,59,29,21
04/11/2020,194045,109336,84709,132,37013,47696,2228,4656,77660,183,127,56,261,185,76,165,55,58,28,24
03/11/2020,193710,109133,84577,86,36952,47625,2223,4972,77213,183,127,56,261,185,76,169,54,63,31,21
02/11/2020,193051,108560,84491,129,36915,47576,2217,5072,77035,183,127,56,261,185,76,167,53,69,30,15
01/11/2020,192756,108394,84362,36,36861,47501,2211,5293,76685,183,127,56,261,185,76,173,52,71,36,14
31/10/2020,192449,108123,84326,89,36848,47478,2206,5458,76489,183,127,56,261,185,76,173,55,70,32,16
30/10/2020,191977,107740,84237,66,36809,47428,2201,5737,76126,183,127,56,261,185,76,173,60,67,26,20
29/10/2020,191798,107627,84171,123,36782,47389,2195,5792,76009,183,127,56,261,185,76,175,63,66,24,22
28/10/2020,190949,106901,84048,83,36725,47323,2190,5825,75849,183,127,56,261,185,76,184,57,78,27,22
27/10/2020,190728,106763,83965,102,36700,47265,2184,5902,75705,183,127,56,261,185,76,174,60,71,25,18
26/10/2020,190252,106389,83863,69,36649,47214,2178,5918,75573,183,127,56,261,185,76,194,69,79,27,19
25/10/2020,190113,106319,83794,148,36615,47179,2172,5960,75465,183,127,56,261,185,76,197,70,81,26,20
24/10/2020,189023,105377,83646,239,36540,47106,2168,5994,75275,183,127,56,261,185,76,209,70,83,28,28
23/10/2020,187871,104464,83407,268,36457,46950,2163,5891,75144,183,127,56,261,185,76,209,67,87,25,30
22/10/2020,186911,103772,83139,313,36337,46802,2157,5718,75052,183,127,56,261,185,76,212,68,88,29,27
21/10/2020,186062,103236,82826,525,36211,46615,2151,5810,74655,183,127,56,261,185,76,210,66,87,28,29
20/10/2020,185130,102829,82301,261,35998,46303,2145,5405,74543,183,127,56,261,185,76,208,71,85,25,27
19/10/2020,184658,102618,82040,476,35892,46148,2139,5466,74232,183,127,56,261,185,76,203,70,84,27,22
18/10/2020,183678,102114,81564,445,35706,45858,2134,5148,74073,183,127,56,261,185,76,209,75,87,26,21
17/10/2020,182693,101574,81119,194,35524,45595,2129,4992,73793,183,127,56,261,185,76,205,74,91,22,18
16/10/2020,181809,100884,80925,192,35453,45473,2124,4915,73686,183,127,56,261,185,76,200,70,84,21,25
15/10/2020,181163,100430,80733,306,35365,45368,2118,4780,73627,189,127,62,261,185,76,208,73,91,23,21
14/10/2020,180508,100081,80427,193,35238,45189,2113,4566,73541,189,127,62,261,185,76,207,71,93,23,20
13/10/2020,180131,99897,80234,259,35160,45074,2107,4502,73423,189,127,62,261,185,76,202,69,93,22,18
12/10/2020,179523,99548,79975,79,35054,44921,2102,4401,73271,189,127,62,261,185,76,201,70,93,21,17
11/10/2020,179312,99416,79896,395,35020,44876,2095,4344,73241,189,127,62,261,185,76,216,75,94,21,26
10/10/2020,178339,98838,79501,256,34843,44658,2089,4047,73168,189,127,62,261,185,76,197,76,79,21,21
09/10/2020,177618,98373,79245,288,34744,44501,2083,3880,73080,189,127,62,261,185,76,202,71,86,25,20
08/10/2020,176786,97829,78957,265,34615,44342,2078,3661,73030,189,127,62,261,185,76,188,72,75,21,20
07/10/2020,176226,97534,78692,167,34500,44192,2072,4201,72228,189,127,62,261,185,76,191,72,82,21,16
06/10/2020,175668,97143,78525,145,34433,44092,2067,4112,72161,189,127,62,261,185,76,185,77,73,19,16
05/10/2020,175206,96826,78380,185,34369,44011,2061,3990,72149,189,127,62,261,185,76,175,74,67,20,19
04/10/2020,174593,96398,78195,193,34281,43914,2055,3866,72099,189,127,62,261,185,76,175,69,71,19,16
03/10/2020,173615,95613,78002,223,34195,43807,2051,3710,72063,189,127,62,261,185,76,178,71,71,21,15
02/10/2020,172733,94954,77779,144,34117,43662,2045,3562,71998,189,127,62,261,185,76,174,67,72,21,14
01/10/2020,172113,94478,77635,195,34055,43580,2040,3449,71964,203,141,62,277,201,76,182,67,76,20,19
30/09/2020,171100,93660,77440,193,33966,43474,2036,3323,71895,203,141,62,277,201,76,186,68,78,20,20
29/09/2020,170529,93249,77280,108,33925,43355,2031,3844,71213,203,141,62,277,201,76,192,75,78,19,20
28/09/2020,170035,92863,77172,89,33889,43283,2025,3780,71167,203,141,62,277,201,76,200,75,79,25,21
27/09/2020,169476,92393,77083,166,33847,43236,2019,3794,71076,203,141,62,277,201,76,194,71,82,22,19
26/09/2020,168451,91534,76917,190,33775,43142,2015,3700,71016,203,141,62,277,201,76,186,73,75,22,16
25/09/2020,167373,90646,76727,124,33700,43027,2010,3583,70953,203,141,62,277,201,76,181,75,70,20,16
24/09/2020,166541,89938,76603,251,33637,42966,2004,3558,70865,214,141,72,286,201,85,176,72,69,19,16
23/09/2020,165817,89464,76353,167,33516,42837,1999,3969,70215,244,172,72,321,238,83,170,64,75,18,13
22/09/2020,164884,88691,76193,120,33430,42763,1993,3855,70169,244,172,72,321,238,83,176,66,74,19,17
21/09/2020,164405,88332,76073,200,33386,42687,1987,3883,70008,254,182,72,338,238,100,195,68,88,18,21
20/09/2020,163221,87348,75873,101,33303,42570,1981,3716,69972,254,182,72,338,238,100,204,73,88,19,24
19/09/2020,161920,86148,75772,108,33258,42514,1976,3701,69897,254,182,72,338,238,100,198,69,85,24,20
18/09/2020,161189,85525,75664,104,33224,42440,1972,3672,69809,254,182,72,378,278,100,211,75,89,25,22
17/09/2020,160384,84824,75560,220,33185,42375,1968,3630,69744,254,182,72,378,278,100,218,77,93,25,23
16/09/2020,159394,84052,75342,139,33104,42238,1965,4231,68932,254,182,72,378,278,100,214,74,90,24,26
15/09/2020,158993,83790,75203,157,33047,42156,1962,4196,68837,264,192,72,409,309,100,208,68,93,23,24
14/09/2020,158328,83282,75046,213,32976,42070,1956,4120,68746,264,192,72,409,309,100,224,68,102,26,28
13/09/2020,156815,81982,74833,68,32888,41945,1949,3990,68673,274,192,82,439,339,100,225,71,94,26,30
12/09/2020,155704,80939,74765,120,32853,41912,1945,4071,68404,274,192,82,439,339,100,225,74,97,27,27
11/09/2020,154981,80336,74645,259,32793,41852,1939,4205,68277,283,192,91,459,339,120,224,74,94,25,31
10/09/2020,154050,79664,74386,265,32677,41709,1933,4578,67658,283,192,91,459,339,120,217,79,89,21,28
09/09/2020,153178,79057,74121,150,32580,41541,1920,5388,66591,283,192,91,479,359,120,222,82,86,23,31
08/09/2020,152594,78623,73971,125,32520,41451,1909,5346,66496,283,192,91,479,359,120,220,79,79,27,35
07/09/2020,151283,77437,73846,106,32475,41371,1898,5350,66376,283,192,91,479,359,120,222,74,90,23,35
06/09/2020,150218,76478,73740,110,32436,41304,1893,5428,66196,283,192,91,479,359,120,223,79,88,26,30
05/09/2020,149101,75470,73631,247,32389,41242,1885,5422,66109,283,192,91,479,359,120,215,82,84,27,22
04/09/2020,147536,74153,73383,201,32281,41102,1880,5303,65965,283,192,91,479,359,120,235,83,96,30,26
03/09/2020,146353,73171,73182,251,32193,40989,1877,5212,65847,289,192,97,515,359,156,246,87,100,33,26
02/09/2020,144943,72012,72931,212,32076,40855,1873,7102,63708,289,192,97,515,359,156,248,87,97,32,32
01/09/2020,144060,71339,72721,195,31997,40724,1867,6987,63592,299,192,107,515,359,156,275,85,108,42,40
31/08/2020,143366,70838,72528,113,31919,40609,1857,6986,63409,309,192,117,535,359,176,276,90,96,44,46
30/08/2020,141820,69403,72417,138,31872,40545,1844,7006,63289,309,192,117,535,359,176,278,89,104,41,44
29/08/2020,140650,68370,72280,241,31812,40468,1839,7071,63089,309,192,117,599,409,176,281,91,104,43,43
28/08/2020,139259,67220,72039,440,31694,40345,1837,6958,62950,309,192,117,599,409,190,294,94,107,46,47
27/08/2020,137829,66230,71599,378,31492,40107,1830,6746,62717,326,209,117,599,409,190,302,93,112,51,46
26/08/2020,136549,65327,71222,296,31342,39880,1822,9010,60085,326,209,117,599,409,190,305,99,110,48,48
25/08/2020,135639,64713,70926,320,31212,39714,1808,8838,59960,326,209,117,599,409,190,320,106,113,52,49
24/08/2020,134237,63631,70606,134,31064,39542,1793,8669,59808,326,209,117,599,409,190,336,102,123,56,55
23/08/2020,132836,62364,70472,220,31004,39468,1782,8644,59691,326,209,117,599,409,190,355,103,134,61,57
22/08/2020,131138,60886,70252,408,30909,39343,1771,8559,59549,326,209,117,599,409,190,373,106,144,62,61
21/08/2020,129453,59608,69845,343,30753,39092,1761,8323,59373,326,209,117,599,409,190,388,113,140,70,65
20/08/2020,127546,58044,69502,435,30607,38895,1757,8304,59036,326,209,117,599,409,190,405,109,160,70,66
19/08/2020,126515,57448,69067,373,30423,38644,1745,11025,55874,326,209,117,599,409,190,423,115,161,75,72
18/08/2020,125092,56393,68699,386,30283,38416,1729,11576,54950,326,209,117,599,409,190,444,120,169,76,79
17/08/2020,123998,55685,68313,328,30121,38192,1717,11475,54678,326,209,117,599,409,190,443,125,166,75,77
16/08/2020,122753,54756,67997,296,29984,38013,1705,11366,54513,326,209,117,599,409,190,413,121,153,68,71
15/08/2020,121316,53615,67701,476,29870,37831,1696,11847,53720,326,209,117,599,409,190,438,135,159,72,72
14/08/2020,119986,52761,67225,419,29675,37550,1684,11845,53244,326,209,117,599,409,190,452,141,152,76,83
13/08/2020,118678,51868,66810,945,29501,37309,1670,11823,52842,326,209,117,599,409,190,475,136,165,78,96
12/08/2020,116821,50956,65865,410,29083,36782,1653,11523,52205,326,209,117,599,409,190,484,141,170,75,98
11/08/2020,116021,50566,65455,481,28890,36565,1633,15637,47709,326,209,117,599,409,190,476,142,160,79,95
10/08/2020,114850,49874,64974,289,28683,36291,1614,15846,47023,326,209,117,599,409,190,491,150,170,82,89
09/08/2020,113340,48647,64693,423,28577,36116,1589,15976,46644,326,209,117,599,409,190,484,154,164,78,88
08/08/2020,112012,47741,64271,544,28404,35867,1577,15865,46340,326,209,117,599,409,190,489,157,161,85,86
07/08/2020,110815,47087,63728,890,28164,35564,1558,15981,45706,326,209,117,599,409,190,483,152,165,86,81
06/08/2020,109091,46247,62844,858,27836,35008,1537,16358,44439,325,209,116,599,409,190,510,156,169,92,93
05/08/2020,107196,45210,61986,917,27461,34525,1525,25641,34292,325,209,116,599,409,190,528,154,177,96,101
04/08/2020,105738,44669,61069,603,27046,34023,1509,25314,33685,325,209,116,599,409,190,561,157,193,99,112
03/08/2020,104500,44021,60479,446,26783,33696,1489,25353,33063,325,209,116,599,409,190,574,153,204,96,121
02/08/2020,102882,42847,60035,313,26579,33456,1465,25822,32161,325,209,116,599,409,190,587,154,214,98,121
01/08/2020,101370,41646,59724,1014,26422,33302,1448,26242,31444,325,209,116,599,409,190,590,164,210,102,114
31/07/2020,99159,40446,58713,1030,26001,32712,1434,25730,30737,325,209,116,599,409,190,612,166,219,102,125
30/07/2020,97148,39464,57684,1470,25577,32107,1408,25024,30626,325,209,116,599,409,190,626,164,217,109,136
29/07/2020,95261,39047,56214,1210,24972,31242,1390,24203,29999,325,209,116,599,409,190,622,160,212,113,137
28/07/2020,93587,38578,55009,1408,24486,30523,1359,23531,29497,317,201,116,599,409,190,622,155,211,113,143
27/07/2020,91903,38291,53612,1016,23934,29678,1340,22946,28694,317,201,116,599,409,190,632,163,207,114,148
26/07/2020,90048,37445,52603,344,23463,29140,1314,22822,27819,317,201,116,599,409,190,648,154,230,116,148
25/07/2020,89237,36973,52246,1136,23294,28970,1303,22763,27549,317,201,116,599,409,190,649,158,229,104,158
24/07/2020,87823,36691,51132,1735,22794,2838,1284,22313,26836,317,201,116,599,409,190,699,156,249,111,183
23/07/2020,85437,36040,49397,1257,22075,27322,1247,21174,26277,317,201,116,579,389,190,699,158,243,114,184
22/07/2020,83842,35702,48140,1030,21491,26649,1211,20554,25679,307,201,106,579,389,190,696,154,241,122,179
21/07/2020,82456,35346,47110,1051,21040,26070,1182,19693,25527,333,201,132,592,369,223,708,162,235,127,184
20/07/2020,81223,35164,46059,816,20571,25488,1156,18730,25452,333,201,132,580,369,211,721,161,252,124,187
19/07/2020,79763,34520,45243,2172,20200,25043,1125,18295,25099,335,201,134,593,369,224,724,165,244,128,187
18/07/2020,76533,33461,43072,1184,19228,23844,1111,16322,24938,337,201,136,574,369,205,701,164,240,124,173
17/07/2020,74641,32753,41888,662,18705,23183,1088,15352,24720,344,201,143,591,369,222,728,159,242,133,194
16/07/2020,73729,32503,41226,1094,18383,22843,1071,14858,24533,338,201,137,592,369,223,764,160,282,126,196
15/07/2020,72375,32236,40139,973,17924,22215,1054,13850,24468,345,201,144,624,369,225,767,158,277,136,196
14/07/2020,71154,31987,39167,946,17467,21700,1033,13227,24169,340,203,137,588,369,219,738,153,269,128,188
13/07/2020,69946,31725,38221,590,17070,21151,1012,12487,23985,310,203,107,522,369,153,737,155,268,134,180
12/07/2020,68923,31292,37631,1589,16811,20820,984,12475,23439,310,203,107,522,369,153,733,154,248,132,199
11/07/2020,66260,30214,36046,1351,16140,19906,954,11261,23124,310,203,107,522,369,153,707,158,250,114,185
10/07/2020,64349,29636,34713,1298,15571,19142,931,10170,22903,310,203,107,522,369,153,709,159,247,130,176
09/07/2020,61956,28540,33416,927,15035,18381,901,9112,22686,293,188,105,510,357,153,717,146,260,125,186
08/07/2020,60795,28305,32490,851,14610,17880,875,8231,22686,293,188,105,510,357,153,698,153,241,122,182
07/07/2020,59015,27375,31640,558,14210,17430,851,10352,19759,293,188,105,510,357,153,678,152,237,123,166
06/07/2020,57574,26856,30718,501,13817,16901,826,9615,19552,293,188,105,510,357,153,725,152,276,124,173
05/07/2020,56685,26486,30217,456,13594,16623,798,9576,19159,293,188,105,510,357,153,684,149,255,124,156
04/07/2020,55886,26125,29761,1575,13373,16388,783,9365,18949,293,188,105,510,357,153,664,148,246,121,149
03/07/2020,54099,25913,28186,1574,12696,15490,764,8383,18360,293,188,105,510,357,153,679,149,253,115,162
02/07/2020,52309,25697,26612,697,11983,14629,725,7221,18020,281,176,105,476,337,139,646,132,239,126,149
01/07/2020,51121,25206,25915,505,11646,14269,701,9694,14878,281,176,105,476,337,139,642,126,242,118,156
30/06/2020,50470,25059,25411,594,11415,13996,676,9612,14491,275,176,99,462,337,125,632,126,245,118,143
29/06/2020,49714,24897,24817,396,11143,13674,653,13430,10109,275,176,99,462,337,125,625,129,229,126,141
28/06/2020,49041,24620,24421,1102,10938,13483,620,15067,8126,265,166,99,462,337,125,608,127,225,117,139
27/06/2020,47563,24244,23319,1441,10457,12862,605,13990,8115,265,166,99,462,337,125,609,125,231,123,130
26/06/2020,45772,23864,21908,827,9833,12075,579,12645,8088,265,166,99,462,337,125,596,126,223,121,126
25/06/2020,44299,23218,21081,728,9432,11649,554,12027,7931,265,166,99,462,337,125,569,114,216,114,125
24/06/2020,43255,22902,20353,470,9113,11240,524,11661,7579,265,166,99,462,337,125,589,112,239,118,120
23/06/2020,42703,22820,19883,499,8881,11002,511,11276,7251,265,166,99,462,337,125,575,112,234,111,118
22/06/2020,42095,22711,19384,399,8636,10748,491,11005,7339,265,166,99,462,337,125,549,113,213,111,112
21/06/2020,41589,22604,18985,536,8449,10536,462,11085,6912,265,166,99,412,287,125,526,101,221,107,97
20/06/2020,41035,22586,18449,641,8197,10252,448,10691,6790,261,166,95,412,287,125,520,104,202,99,115
19/06/2020,40354,22546,17808,470,7910,9898,426,10420,6449,240,145,95,412,287,125,513,98,202,96,117
18/06/2020,39599,22261,17338,531,7698,9640,400,10064,6391,240,145,95,412,287,125,483,97,187,86,113
17/06/2020,36168,19361,16807,497,7440,9367,383,9737,6213,234,139,95,412,287,125,474,96,195,84,99
16/06/2020,35469,19159,16310,635,7209,9101,364,9600,5883,224,139,85,412,287,125,463,93,182,83,105
15/06/2020,34614,18939,15675,1708,6941,8734,352,9341,5526,219,139,80,412,287,125,453,102,163,84,104
14/06/2020,32125,18157,13968,1103,6193,7775,330,7819,5391,219,139,80,412,287,125,428,94,156,77,101
13/06/2020,30468,17602,12866,1332,5693,7173,316,7011,5093,209,129,80,412,287,125,446,93,163,75,115
12/06/2020,28672,17138,11534,478,5072,6462,305,6011,4774,209,129,80,412,287,125,444,98,159,75,112
11/06/2020,27805,17749,11056,443,5850,6206,283,5596,4738,209,129,80,412,287,125,445,93,168,79,105
10/06/2020,27069,16414,10615,490,4667,5948,264,5258,4657,209,129,80,412,287,125,436,98,161,84,93
09/06/2020,26330,16204,10126,399,4442,5684,252,4905,4575,209,129,80,412,287,125,394,76,152,77,89
08/06/2020,25440,15713,9727,439,4263,5464,234,4573,4525,206,126,80,412,287,125,395,74,153,71,97
07/06/2020,24351,15061,9290,319,4058,5232,217,4205,4485,206,126,80,412,287,125,383,78,136,73,96
06/06/2020,23855,14883,8972,395,3903,5069,208,3946,4435,206,126,80,412,287,125,383,87,139,75,82
05/06/2020,23058,14481,8577,377,3713,4864,198,3594,4384,205,125,80,412,287,125,401,86,148,68,99
04/06/2020,22109,13909,8200,215,3523,4677,186,3322,4286,200,120,80,406,181,125,406,82,164,68,92
03/06/2020,21439,13450,7989,434,3428,4561,180,4393,3027,197,120,77,383,271,112,389,74,153,71,91
02/06/2020,20712,13248,7555,322,3235,4320,172,4017,2999,197,120,77,383,271,112,367,68,145,69,85
01/06/2020,20349,13116,7233,234,3075,4158,166,3693,2999,197,120,77,366,254,112,375,66,143,80,86
31/05/2020,19239,12240,6999,198,2964,4035,158,3499,2976,183,105,78,366,254,112,366,66,134,83,83
30/05/2020,18914,12109,6805,343,2878,3927,149,3338,2953,167,90,77,360,254,106,365,72,138,74,81
29/05/2020,18372,11910,6462,306,2729,3733,142,3189,2783,162,85,77,360,254,106,348,69,126,69,84
28/05/2020,17871,11715,6156,244,2578,3578,135,3245,2431,162,85,77,360,254,106,345,74,117,71,83
27/05/2020,16706,10794,5912,177,2469,3443,127,3235,2242,162,85,77,340,234,106,308,72,99,65,72
26/05/2020,16458,10723,5735,288,2402,3333,116,3105,2222,161,85,76,336,234,102,292,67,95,63,67
25/05/2020,15695,10247,5448,134,2266,3182,103,2824,2222,161,85,76,348,250,98,299,69,92,70,68
24/05/2020,15438,10124,5314,183,2214,3100,93,2739,2209,169,85,84,264,184,80,273,61,77,71,64
23/05/2020,14595,9474,5131,209,2133,2998,86,2617,2189,158,85,73,266,184,82,239,59,81,38,61
22/05/2020,14134,9212,4922,189,2043,2879,82,2482,2179,158,85,73,260,178,82,179,47,65,33,34
21/05/2020,13797,9063,4734,458,1959,2775,76,2306,2177,148,76,73,260,178,82,168,43,68,30,27
20/05/2020,12316,8039,4277,310,1771,2506,69,2716,1318,148,76,73,260,178,82,165,42,64,35,24
19/05/2020,11622,7655,3967,401,1630,2337,63,2498,1236,139,75,64,241,168,73,170,46,64,37,23
18/05/2020,9409,5843,3566,223,1559,2107,59,2118,1213,139,75,64,241,168,73,176,52,66,35,23
17/05/2020,8661,5318,3343,208,1375,1968,57,2048,1073,139,75,64,241,168,73,165,48,55,34,28
16/05/2020,8322,5187,3135,267,1301,1834,53,1996,920,139,75,64,232,159,73,166,45,63,36,22
15/05/2020,7793,4925,2868,375,1186,1682,50,2171,487,129,75,54,232,159,73,169,43,67,33,26
14/05/2020,7072,4578,2494,227,1033,1461,47,1892,399,129,75,54,232,159,73,156,49,62,27,18
13/05/2020,6731,4463,2268,236,929,1339,42,1692,395,112,58,54,232,159,73,139,45,54,22,18
12/05/2020,6273,4241,2032,232,826,1206,37,1563,299,112,58,54,232,159,73,133,37,53,26,17
11/05/2020,5874,4074,1800,30,738,1062,37,1376,273,100,46,54,232,159,73,114,32,47,19,16
10/05/2020,5732,3961,1771,183,729,1042,34,1535,107,100,46,54,232,159,73,95,22,41,17,15
09/05/2020,5439,3851,1588,150,644,944,33,1362,107,100,46,54,232,159,73,86,23,37,13,13
08/05/2020,5185,3747,1438,224,590,848,28,1221,107,100,46,54,232,159,73,82,24,31,14,13
07/05/2020,4419,3205,1214,216,505,709,25,1004,105,85,46,39,223,150,73,80,24,32,14,10
06/05/2020,3978,2980,998,100,414,584,23,826,79,85,46,39,223,150,73,70,16,32,14,8
05/05/2020,3492,2598,898,126,380,518,21,729,79,85,46,39,223,150,73,69,15,32,11,11
04/05/2020,3284,2512,772,45,331,441,17,638,54,85,46,39,223,150,73,63,10,28,11,14
03/05/2020,3095,2365,730,129,317,413,14,602,54,85,46,39,223,150,73,60,11,27,13,9
02/05/2020,2832,2231,601,84,258,343,14,485,54,85,46,39,223,150,73,48,9,19,12,8
01/05/2020,2685,2168,517,64,227,290,14,409,48,85,46,39,223,150,73,46,8,18,12,8
30/04/2020,2512,2059,453,114,199,254,14,355,45,,28,,,73,,39,6,16,8,9
29/04/2020,2241,1904,337,57,153,184,12,245,45,,28,,,73,,35,6,14,9,6
28/04/2020,2083,1803,280,70,127,153,11,194,45,,28,,,73,,30,4,11,9,6
27/04/2020,1960,1749,211,36,98,113,11,134,45,,28,,,73,,21,3,5,6,7
26/04/2020,1727,1552,175,21,79,96,9,106,43,,28,,,73,,17,3,4,6,4
25/04/2020,1629,1475,154,9,73,81,9,89,40,,28,,,73,,16,3,4,5,4
24/04/2020,1504,1359,148,10,68,77,8,81,39,,28,,,73,,17,3,4,6,4
23/04/2020,1398,1263,135,17,66,69,8,72,38,,23,,,73,,17,4,4,5,4
22/04/2020,1241,1123,118,1,57,61,7,57,38,,23,,,73,,16,4,5,2,5
21/04/2020,1174,1058,117,25,56,61,7,58,37,,23,,,73,,15,3,5,3,4
20/04/2020,1085,993,92,6,43,49,5,39,37,,23,,,73,,11,3,4,3,1
19/04/2020,1031,945,86,15,43,43,5,36,37,,23,,,73,,8,1,3,3,1
18/04/2020,943,872,71,13,31,40,5,24,33,,23,,,73,,9,2,3,3,1
17/04/2020,931,873,58,4,23,35,4,15,,,18,,,73,,8,2,2,3,1
16/04/2020,835,782,53,5,21,32,4,14,28,,23,,,73,,7,2,2,3,-
15/04/2020,738,960,48,2,18,30,4,10,,,18,,,73,,7,1,3,3,-
14/04/2020,688,642,46,1,17,29,4,11,26,,18,,,73,,5,1,1,3,-
13/04/2020,658,613,45,1,17,28,4,,26,,18,,,73,,6,-,2,4,-
12/04/2020,-,-,-,-,-,-,-,-,-,-,18,,-,73,,-,-,-,-,-
11/04/2020,634,590,44,2,17,27,4,14,,,18,,,73,,6,4,2,,
10/04/2020,604,562,42,3,16,26,4,13,,,18,,,73,,6,4,2,,
09/04/2020,,,,,,,,,,,18,,,73,,,,,,
08/04/2020,541,492,39,9,15,24,4,10,,,18,,,73,,8,5,3,,
07/04/2020,497,461,36,4,14,22,4,8,,,18,,,73,,7,4,3,,
06/04/2020,424,392,32,-,13,19,4,7,-,-,18,,-,73,,5,3,2,-,-
05/04/2020,-,-,32,-,-,-,-,-,-,-,18,,-,73,,-,-,-,-,-
04/04/2020,-,-,32,-,-,-,3,-,14,-,18,,-,73,,-,-,-,-,-
03/04/2020,-,-,27,-,-,-,2,-,14,-,18,,-,73,,-,-,-,-,-
02/04/2020,-,-,24,-,-,-,2,-,6,-,18,,-,73,,-,-,-,-,-
01/04/2020,-,308,22,-,-,-,-,-,6,-,18,,-,73,,-,-,-,-,-
31/03/2021,,,,,,,,,,,4,,,,,,,,,
30/03/2021,,,,,,,,,,,4,,,,,,,,,
29/03/2021,,,,,,,,,,,4,,,,,,,,,
28/03/2021,,,,,,,,,,,4,,,,,,,,,
27/03/2021,,,,,,,,,,,4,,,,,,,,,
26/03/2021,,,,,,,,,,,4,,,,,,,,,
25/03/2021,,,,,,,,,,,4,,,,,,,,,
24/03/2021,,,,,,,,,,,4,,,,,,,,,
23/03/2021,,,,,,,,,,,4,,,,,,,,,
,,,,,,,,,,,,,,,,,,,,
,,,,,,,,,,,,,,,,,,,,
,,,,,,,,,,,,,,,,,,,,
,,,,,,,,,,,,,,,,,,,,
,,,,,,,,,,,,,,,,,,,,
,,,,,,,,,,,,,,,,,,,,
,,,,,,,,,,,,,,,,,,,,
,,,,,,,,,,,,,,,,,,,,
,,,,,,,,,,,,,,,,,,,,
,,,,,,,,,,,,,,,,,,,,
,,,,,,,,,,,,,,,,,,,,
,,,,,,,,,,,,,,,,,,,,
,,,,,,,,,,,,,,,,,,,,
,,,,,,,,,,,,,,,,,,,,
,,,,,,,,,,,,,,,,,,,,
,,,,,,,,,,,,,,,,,,,,
,,,,,,,,,,,,,,,,,,,,
,,,,,,,,,,,,,,,,,,,,
,,,,,,,,,,,,,,,,,,,,
,,,,,,,,,,,,,,,,,,,,
,,,,,,,,,,,,,,,,,,,,
,,,,,,,,,,,,,,,,,,,,
,,,,,,,,,,,,,,,,,,,,
,,,,,,,,,,,,,,,,,,,,
,,,,,,,,,,,,,,,,,,,,
,,,,,,,,,,,,,,,,,,,,
,,,,,,,,,,,,,,,,,,,,
,,,,,,,,,,,,,,,,,,,,
,,,,,,,,,,,,,,,,,,,,
,,,,,,,,,,,,,,,,,,,,
,,,,,,,,,,,,,,,,,,,,
,,,,,,,,,,,,,,,,,,,,
,,,,,,,,,,,,,,,,,,,,
,,,,,,,,,,,,,,,,,,,,
,,,,,,,,,,,,,,,,,,,,
,,,,,,,,,,,,,,,,,,,,
,,,,,,,,,,,,,,,,,,,,
,,,,,,,,,,,,,,,,,,,,
,,,,,,,,,,,,,,,,,,,,
,,,,,,,,,,,,,,,,,,,,
,,,,,,,,,,,,,,,,,,,,
,,,,,,,,,,,,,,,,,,,,
,,,,,,,,,,,,,,,,,,,,
,,,,,,,,,,,,,,,,,,,,
,,,,,,,,,,,,,,,,,,,,
,,,,,,,,,,,,,,,,,,,,
,,,,,,,,,,,,,,,,,,,,
,,,,,,,,,,,,,,,,,,,,
,,,,,,,,,,,,,,,,,,,,
,,,,,,,,,,,,,,,,,,,,
,,,,,,,,,,,,,,,,,,,,
,,,,,,,,,,,,,,,,,,,,
,,,,,,,,,,,,,,,,,,,,
,,,,,,,,,,,,,,,,,,,,
,,,,,,,,,,,,,,,,,,,,
,,,,,,,,,,,,,,,,,,,,
,,,,,,,,,,,,,,,,,,,,
,,,,,,,,,,,,,,,,,,,,
,,,,,,,,,,,,,,,,,,,,
,,,,,,,,,,,,,,,,,,,,
,,,,,,,,,,,,,,,,,,,,
,,,,,,,,,,,,,,,,,,,,
,,,,,,,,,,,,,,,,,,,,
,,,,,,,,,,,,,,,,,,,,
,,,,,,,,,,,,,,,,,,,,
,,,,,,,,,,,,,,,,,,,,
,,,,,,,,,,,,,,,,,,,,
,,,,,,,,,,,,,,,,,,,,
,,,,,,,,,,,,,,,,,,,,
,,,,,,,,,,,,,,,,,,,,
,,,,,,,,,,,,,,,,,,,,
,,,,,,,,,,,,,,,,,,,,
,,,,,,,,,,,,,,,,,,,,
,,,,,,,,,,,,,,,,,,,,
,,,,,,,,,,,,,,,,,,,,
,,,,,,,,,,,,,,,,,,,,
,,,,,,,,,,,,,,,,,,,,
,,,,,,,,,,,,,,,,,,,,
,,,,,,,,,,,,,,,,,,,,
,,,,,,,,,,,,,,,,,,,,
,,,,,,,,,,,,,,,,,,,,
,,,,,,,,,,,,,,,,,,,,
,,,,,,,,,,,,,,,,,,,,
,,,,,,,,,,,,,,,,,,,,
,,,,,,,,,,,,,,,,,,,,
,,,,,,,,,,,,,,,,,,,,
,,,,,,,,,,,,,,,,,,,,
,,,,,,,,,,,,,,,,,,,,
,,,,,,,,,,,,,,,,,,,,
,,,,,,,,,,,,,,,,,,,,
,,,,,,,,,,,,,,,,,,,,
,,,,,,,,,,,,,,,,,,,,
,,,,,,,,,,,,,,,,,,,,
,,,,,,,,,,,,,,,,,,,,
,,,,,,,,,,,,,,,,,,,,
,,,,,,,,,,,,,,,,,,,,
,,,,,,,,,,,,,,,,,,,,
,,,,,,,,,,,,,,,,,,,,
,,,,,,,,,,,,,,,,,,,,
,,,,,,,,,,,,,,,,,,,,
,,,,,,,,,,,,,,,,,,,,
,,,,,,,,,,,,,,,,,,,,
,,,,,,,,,,,,,,,,,,,,
,,,,,,,,,,,,,,,,,,,,
,,,,,,,,,,,,,,,,,,,,
,,,,,,,,,,,,,,,,,,,,
,,,,,,,,,,,,,,,,,,,,
,,,,,,,,,,,,,,,,,,,,
,,,,,,,,,,,,,,,,,,,,
,,,,,,,,,,,,,,,,,,,,
,,,,,,,,,,,,,,,,,,,,
,,,,,,,,,,,,,,,,,,,,
,,,,,,,,,,,,,,,,,,,,
,,,,,,,,,,,,,,,,,,,,
,,,,,,,,,,,,,,,,,,,,
,,,,,,,,,,,,,,,,,,,,
,,,,,,,,,,,,,,,,,,,,
,,,,,,,,,,,,,,,,,,,,
,,,,,,,,,,,,,,,,,,,,
,,,,,,,,,,,,,,,,,,,,
,,,,,,,,,,,,,,,,,,,,
,,,,,,,,,,,,,,,,,,,,
,,,,,,,,,,,,,,,,,,,,
,,,,,,,,,,,,,,,,,,,,
,,,,,,,,,,,,,,,,,,,,
,,,,,,,,,,,,,,,,,,,,
,,,,,,,,,,,,,,,,,,,,
,,,,,,,,,,,,,,,,,,,,
,,,,,,,,,,,,,,,,,,,,
,,,,,,,,,,,,,,,,,,,,
,,,,,,,,,,,,,,,,,,,,
,,,,,,,,,,,,,,,,,,,,
,,,,,,,,,,,,,,,,,,,,
,,,,,,,,,,,,,,,,,,,,
,,,,,,,,,,,,,,,,,,,,
,,,,,,,,,,,,,,,,,,,,
,,,,,,,,,,,,,,,,,,,,
,,,,,,,,,,,,,,,,,,,,
,,,,,,,,,,,,,,,,,,,,
,,,,,,,,,,,,,,,,,,,,
,,,,,,,,,,,,,,,,,,,,
,,,,,,,,,,,,,,,,,,,,
,,,,,,,,,,,,,,,,,,,,
,,,,,,,,,,,,,,,,,,,,
,,,,,,,,,,,,,,,,,,,,
,,,,,,,,,,,,,,,,,,,,
,,,,,,,,,,,,,,,,,,,,
,,,,,,,,,,,,,,,,,,,,
,,,,,,,,,,,,,,,,,,,,
,,,,,,,,,,,,,,,,,,,,
,,,,,,,,,,,,,,,,,,,,
,,,,,,,,,,,,,,,,,,,,
,,,,,,,,,,,,,,,,,,,,
,,,,,,,,,,,,,,,,,,,,
,,,,,,,,,,,,,,,,,,,,
,,,,,,,,,,,,,,,,,,,,
,,,,,,,,,,,,,,,,,,,,
,,,,,,,,,,,,,,,,,,,,
,,,,,,,,,,,,,,,,,,,,
,,,,,,,,,,,,,,,,,,,,
,,,,,,,,,,,,,,,,,,,,
,,,,,,,,,,,,,,,,,,,,
,,,,,,,,,,,,,,,,,,,,
,,,,,,,,,,,,,,,,,,,,
,,,,,,,,,,,,,,,,,,,,
,,,,,,,,,,,,,,,,,,,,
,,,,,,,,,,,,,,,,,,,,
,,,,,,,,,,,,,,,,,,,,
,,,,,,,,,,,,,,,,,,,,
,,,,,,,,,,,,,,,,,,,,
,,,,,,,,,,,,,,,,,,,,
,,,,,,,,,,,,,,,,,,,,
,,,,,,,,,,,,,,,,,,,,
,,,,,,,,,,,,,,,,,,,,
,,,,,,,,,,,,,,,,,,,,
,,,,,,,,,,,,,,,,,,,,
,,,,,,,,,,,,,,,,,,,,
,,,,,,,,,,,,,,,,,,,,
,,,,,,,,,,,,,,,,,,,,
,,,,,,,,,,,,,,,,,,,,
,,,,,,,,,,,,,,,,,,,,
,,,,,,,,,,,,,,,,,,,,
,,,,,,,,,,,,,,,,,,,,
,,,,,,,,,,,,,,,,,,,,
,,,,,,,,,,,,,,,,,,,,
,,,,,,,,,,,,,,,,,,,,
,,,,,,,,,,,,,,,,,,,,
,,,,,,,,,,,,,,,,,,,,
,,,,,,,,,,,,,,,,,,,,
,,,,,,,,,,,,,,,,,,,,
,,,,,,,,,,,,,,,,,,,,
,,,,,,,,,,,,,,,,,,,,
,,,,,,,,,,,,,,,,,,,,
,,,,,,,,,,,,,,,,,,,,
,,,,,,,,,,,,,,,,,,,,
,,,,,,,,,,,,,,,,,,,,
,,,,,,,,,,,,,,,,,,,,
,,,,,,,,,,,,,,,,,,,,
,,,,,,,,,,,,,,,,,,,,
,,,,,,,,,,,,,,,,,,,,
,,,,,,,,,,,,,,,,,,,,
,,,,,,,,,,,,,,,,,,,,
,,,,,,,,,,,,,,,,,,,,
,,,,,,,,,,,,,,,,,,,,
,,,,,,,,,,,,,,,,,,,,
,,,,,,,,,,,,,,,,,,,,
,,,,,,,,,,,,,,,,,,,,
,,,,,,,,,,,,,,,,,,,,
,,,,,,,,,,,,,,,,,,,,
,,,,,,,,,,,,,,,,,,,,
,,,,,,,,,,,,,,,,,,,,
,,,,,,,,,,,,,,,,,,,,
,,,,,,,,,,,,,,,,,,,,
,,,,,,,,,,,,,,,,,,,,
,,,,,,,,,,,,,,,,,,,,
,,,,,,,,,,,,,,,,,,,,
,,,,,,,,,,,,,,,,,,,,
,,,,,,,,,,,,,,,,,,,,
,,,,,,,,,,,,,,,,,,,,
,,,,,,,,,,,,,,,,,,,,
,,,,,,,,,,,,,,,,,,,,
,,,,,,,,,,,,,,,,,,,,
,,,,,,,,,,,,,,,,,,,,
,,,,,,,,,,,,,,,,,,,,
,,,,,,,,,,,,,,,,,,,,
,,,,,,,,,,,,,,,,,,,,
,,,,,,,,,,,,,,,,,,,,
,,,,,,,,,,,,,,,,,,,,
,,,,,,,,,,,,,,,,,,,,
,,,,,,,,,,,,,,,,,,,,
,,,,,,,,,,,,,,,,,,,,
,,,,,,,,,,,,,,,,,,,,
,,,,,,,,,,,,,,,,,,,,
,,,,,,,,,,,,,,,,,,,,
,,,,,,,,,,,,,,,,,,,,
,,,,,,,,,,,,,,,,,,,,
,,,,,,,,,,,,,,,,,,,,
,,,,,,,,,,,,,,,,,,,,
,,,,,,,,,,,,,,,,,,,,
,,,,,,,,,,,,,,,,,,,,
,,,,,,,,,,,,,,,,,,,,
,,,,,,,,,,,,,,,,,,,,
,,,,,,,,,,,,,,,,,,,,
,,,,,,,,,,,,,,,,,,,,
,,,,,,,,,,,,,,,,,,,,
,,,,,,,,,,,,,,,,,,,,
,,,,,,,,,,,,,,,,,,,,
,,,,,,,,,,,,,,,,,,,,
,,,,,,,,,,,,,,,,,,,,
,,,,,,,,,,,,,,,,,,,,
,,,,,,,,,,,,,,,,,,,,
,,,,,,,,,,,,,,,,,,,,
,,,,,,,,,,,,,,,,,,,,
,,,,,,,,,,,,,,,,,,,,
,,,,,,,,,,,,,,,,,,,,
,,,,,,,,,,,,,,,,,,,,
,,,,,,,,,,,,,,,,,,,,
,,,,,,,,,,,,,,,,,,,,
,,,,,,,,,,,,,,,,,,,,
,,,,,,,,,,,,,,,,,,,,
,,,,,,,,,,,,,,,,,,,,
,,,,,,,,,,,,,,,,,,,,
,,,,,,,,,,,,,,,,,,,,
,,,,,,,,,,,,,,,,,,,,
,,,,,,,,,,,,,,,,,,,,
,,,,,,,,,,,,,,,,,,,,
,,,,,,,,,,,,,,,,,,,,
,,,,,,,,,,,,,,,,,,,,
,,,,,,,,,,,,,,,,,,,,
,,,,,,,,,,,,,,,,,,,,
,,,,,,,,,,,,,,,,,,,,
,,,,,,,,,,,,,,,,,,,,
,,,,,,,,,,,,,,,,,,,,
,,,,,,,,,,,,,,,,,,,,
,,,,,,,,,,,,,,,,,,,,
,,,,,,,,,,,,,,,,,,,,
,,,,,,,,,,,,,,,,,,,,
,,,,,,,,,,,,,,,,,,,,
,,,,,,,,,,,,,,,,,,,,
,,,,,,,,,,,,,,,,,,,,
,,,,,,,,,,,,,,,,,,,,
,,,,,,,,,,,,,,,,,,,,
,,,,,,,,,,,,,,,,,,,,
,,,,,,,,,,,,,,,,,,,,
,,,,,,,,,,,,,,,,,,,,
,,,,,,,,,,,,,,,,,,,,
,,,,,,,,,,,,,,,,,,,,
,,,,,,,,,,,,,,,,,,,,
,,,,,,,,,,,,,,,,,,,,
,,,,,,,,,,,,,,,,,,,,
,,,,,,,,,,,,,,,,,,,,
,,,,,,,,,,,,,,,,,,,,
,,,,,,,,,,,,,,,,,,,,
,,,,,,,,,,,,,,,,,,,,
,,,,,,,,,,,,,,,,,,,,
,,,,,,,,,,,,,,,,,,,,
,,,,,,,,,,,,,,,,,,,,
,,,,,,,,,,,,,,,,,,,,
,,,,,,,,,,,,,,,,,,,,
,,,,,,,,,,,,,,,,,,,,
,,,,,,,,,,,,,,,,,,,,
,,,,,,,,,,,,,,,,,,,,
,,,,,,,,,,,,,,,,,,,,
,,,,,,,,,,,,,,,,,,,,
,,,,,,,,,,,,,,,,,,,,
,,,,,,,,,,,,,,,,,,,,
,,,,,,,,,,,,,,,,,,,,
,,,,,,,,,,,,,,,,,,,,
,,,,,,,,,,,,,,,,,,,,
,,,,,,,,,,,,,,,,,,,,
,,,,,,,,,,,,,,,,,,,,
,,,,,,,,,,,,,,,,,,,,
,,,,,,,,,,,,,,,,,,,,
,,,,,,,,,,,,,,,,,,,,
,,,,,,,,,,,,,,,,,,,,
,,,,,,,,,,,,,,,,,,,,
,,,,,,,,,,,,,,,,,,,,
,,,,,,,,,,,,,,,,,,,,
,,,,,,,,,,,,,,,,,,,,
,,,,,,,,,,,,,,,,,,,,
,,,,,,,,,,,,,,,,,,,,
,,,,,,,,,,,,,,,,,,,,
,,,,,,,,,,,,,,,,,,,,
,,,,,,,,,,,,,,,,,,,,
,,,,,,,,,,,,,,,,,,,,
,,,,,,,,,,,,,,,,,,,,
,,,,,,,,,,,,,,,,,,,,
,,,,,,,,,,,,,,,,,,,,
,,,,,,,,,,,,,,,,,,,,
,,,,,,,,,,,,,,,,,,,,
,,,,,,,,,,,,,,,,,,,,
,,,,,,,,,,,,,,,,,,,,
,,,,,,,,,,,,,,,,,,,,
,,,,,,,,,,,,,,,,,,,,
,,,,,,,,,,,,,,,,,,,,
,,,,,,,,,,,,,,,,,,,,
,,,,,,,,,,,,,,,,,,,,
,,,,,,,,,,,,,,,,,,,,
,,,,,,,,,,,,,,,,,,,,
,,,,,,,,,,,,,,,,,,,,
,,,,,,,,,,,,,,,,,,,,
,,,,,,,,,,,,,,,,,,,,
,,,,,,,,,,,,,,,,,,,,
,,,,,,,,,,,,,,,,,,,,
,,,,,,,,,,,,,,,,,,,,
,,,,,,,,,,,,,,,,,,,,
,,,,,,,,,,,,,,,,,,,,
,,,,,,,,,,,,,,,,,,,,
,,,,,,,,,,,,,,,,,,,,
,,,,,,,,,,,,,,,,,,,,
,,,,,,,,,,,,,,,,,,,,
,,,,,,,,,,,,,,,,,,,,
,,,,,,,,,,,,,,,,,,,,
,,,,,,,,,,,,,,,,,,,,
,,,,,,,,,,,,,,,,,,,,
,,,,,,,,,,,,,,,,,,,,
,,,,,,,,,,,,,,,,,,,,
,,,,,,,,,,,,,,,,,,,,
,,,,,,,,,,,,,,,,,,,,
,,,,,,,,,,,,,,,,,,,,
,,,,,,,,,,,,,,,,,,,,
,,,,,,,,,,,,,,,,,,,,
,,,,,,,,,,,,,,,,,,,,
,,,,,,,,,,,,,,,,,,,,
,,,,,,,,,,,,,,,,,,,,
,,,,,,,,,,,,,,,,,,,,
,,,,,,,,,,,,,,,,,,,,
,,,,,,,,,,,,,,,,,,,,
,,,,,,,,,,,,,,,,,,,,
,,,,,,,,,,,,,,,,,,,,
,,,,,,,,,,,,,,,,,,,,
,,,,,,,,,,,,,,,,,,,,
,,,,,,,,,,,,,,,,,,,,
,,,,,,,,,,,,,,,,,,,,
,,,,,,,,,,,,,,,,,,,,
,,,,,,,,,,,,,,,,,,,,
,,,,,,,,,,,,,,,,,,,,
,,,,,,,,,,,,,,,,,,,,
,,,,,,,,,,,,,,,,,,,,
,,,,,,,,,,,,,,,,,,,,
,,,,,,,,,,,,,,,,,,,,
,,,,,,,,,,,,,,,,,,,,
,,,,,,,,,,,,,,,,,,,,
,,,,,,,,,,,,,,,,,,,,
,,,,,,,,,,,,,,,,,,,,
,,,,,,,,,,,,,,,,,,,,
,,,,,,,,,,,,,,,,,,,,
,,,,,,,,,,,,,,,,,,,,
,,,,,,,,,,,,,,,,,,,,
,,,,,,,,,,,,,,,,,,,,
,,,,,,,,,,,,,,,,,,,,
,,,,,,,,,,,,,,,,,,,,
,,,,,,,,,,,,,,,,,,,,
,,,,,,,,,,,,,,,,,,,,
,,,,,,,,,,,,,,,,,,,,
,,,,,,,,,,,,,,,,,,,,
,,,,,,,,,,,,,,,,,,,,
,,,,,,,,,,,,,,,,,,,,
,,,,,,,,,,,,,,,,,,,,
,,,,,,,,,,,,,,,,,,,,
,,,,,,,,,,,,,,,,,,,,
,,,,,,,,,,,,,,,,,,,,
,,,,,,,,,,,,,,,,,,,,
,,,,,,,,,,,,,,,,,,,,
,,,,,,,,,,,,,,,,,,,,
,,,,,,,,,,,,,,,,,,,,
,,,,,,,,,,,,,,,,,,,,
,,,,,,,,,,,,,,,,,,,,
,,,,,,,,,,,,,,,,,,,,
,,,,,,,,,,,,,,,,,,,,
,,,,,,,,,,,,,,,,,,,,
,,,,,,,,,,,,,,,,,,,,
,,,,,,,,,,,,,,,,,,,,
,,,,,,,,,,,,,,,,,,,,
,,,,,,,,,,,,,,,,,,,,
,,,,,,,,,,,,,,,,,,,,
,,,,,,,,,,,,,,,,,,,,
,,,,,,,,,,,,,,,,,,,,
,,,,,,,,,,,,,,,,,,,,
,,,,,,,,,,,,,,,,,,,,
,,,,,,,,,,,,,,,,,,,,
,,,,,,,,,,,,,,,,,,,,
,,,,,,,,,,,,,,,,,,,,
,,,,,,,,,,,,,,,,,,,,
,,,,,,,,,,,,,,,,,,,,
,,,,,,,,,,,,,,,,,,,,
,,,,,,,,,,,,,,,,,,,,
,,,,,,,,,,,,,,,,,,,,
,,,,,,,,,,,,,,,,,,,,
,,,,,,,,,,,,,,,,,,,,
,,,,,,,,,,,,,,,,,,,,
,,,,,,,,,,,,,,,,,,,,
,,,,,,,,,,,,,,,,,,,,
,,,,,,,,,,,,,,,,,,,,
,,,,,,,,,,,,,,,,,,,,
,,,,,,,,,,,,,,,,,,,,
,,,,,,,,,,,,,,,,,,,,
,,,,,,,,,,,,,,,,,,,,
,,,,,,,,,,,,,,,,,,,,
,,,,,,,,,,,,,,,,,,,,
,,,,,,,,,,,,,,,,,,,,
,,,,,,,,,,,,,,,,,,,,
,,,,,,,,,,,,,,,,,,,,
,,,,,,,,,,,,,,,,,,,,
,,,,,,,,,,,,,,,,,,,,
,,,,,,,,,,,,,,,,,,,,
,,,,,,,,,,,,,,,,,,,,
,,,,,,,,,,,,,,,,,,,,
,,,,,,,,,,,,,,,,,,,,
,,,,,,,,,,,,,,,,,,,,
,,,,,,,,,,,,,,,,,,,,
,,,,,,,,,,,,,,,,,,,,
,,,,,,,,,,,,,,,,,,,,
,,,,,,,,,,,,,,,,,,,,
,,,,,,,,,,,,,,,,,,,,
,,,,,,,,,,,,,,,,,,,,
,,,,,,,,,,,,,,,,,,,,
,,,,,,,,,,,,,,,,,,,,
,,,,,,,,,,,,,,,,,,,,
,,,,,,,,,,,,,,,,,,,,
,,,,,,,,,,,,,,,,,,,,
,,,,,,,,,,,,,,,,,,,,
,,,,,,,,,,,,,,,,,,,,
,,,,,,,,,,,,,,,,,,,,
,,,,,,,,,,,,,,,,,,,,
,,,,,,,,,,,,,,,,,,,,
,,,,,,,,,,,,,,,,,,,,
,,,,,,,,,,,,,,,,,,,,
,,,,,,,,,,,,,,,,,,,,
,,,,,,,,,,,,,,,,,,,,
,,,,,,,,,,,,,,,,,,,,
,,,,,,,,,,,,,,,,,,,,
,,,,,,,,,,,,,,,,,,,,
,,,,,,,,,,,,,,,,,,,,
,,,,,,,,,,,,,,,,,,,,
,,,,,,,,,,,,,,,,,,,,
,,,,,,,,,,,,,,,,,,,,
,,,,,,,,,,,,,,,,,,,,
,,,,,,,,,,,,,,,,,,,,
,,,,,,,,,,,,,,,,,,,,
,,,,,,,,,,,,,,,,,,,,
,,,,,,,,,,,,,,,,,,,,
,,,,,,,,,,,,,,,,,,,,
,,,,,,,,,,,,,,,,,,,,
,,,,,,,,,,,,,,,,,,,,
,,,,,,,,,,,,,,,,,,,,
,,,,,,,,,,,,,,,,,,,,
,,,,,,,,,,,,,,,,,,,,
,,,,,,,,,,,,,,,,,,,,
,,,,,,,,,,,,,,,,,,,,
,,,,,,,,,,,,,,,,,,,,
,,,,,,,,,,,,,,,,,,,,
,,,,,,,,,,,,,,,,,,,,
,,,,,,,,,,,,,,,,,,,,
,,,,,,,,,,,,,,,,,,,,
,,,,,,,,,,,,,,,,,,,,
,,,,,,,,,,,,,,,,,,,,
,,,,,,,,,,,,,,,,,,,,
,,,,,,,,,,,,,,,,,,,,
,,,,,,,,,,,,,,,,,,,,
,,,,,,,,,,,,,,,,,,,,
,,,,,,,,,,,,,,,,,,,,
,,,,,,,,,,,,,,,,,,,,
,,,,,,,,,,,,,,,,,,,,
,,,,,,,,,,,,,,,,,,,,
,,,,,,,,,,,,,,,,,,,,
,,,,,,,,,,,,,,,,,,,,
,,,,,,,,,,,,,,,,,,,,
,,,,,,,,,,,,,,,,,,,,
,,,,,,,,,,,,,,,,,,,,
,,,,,,,,,,,,,,,,,,,,
,,,,,,,,,,,,,,,,,,,,
,,,,,,,,,,,,,,,,,,,,
,,,,,,,,,,,,,,,,,,,,
,,,,,,,,,,,,,,,,,,,,
,,,,,,,,,,,,,,,,,,,,
,,,,,,,,,,,,,,,,,,,,
,,,,,,,,,,,,,,,,,,,,
,,,,,,,,,,,,,,,,,,,,
,,,,,,,,,,,,,,,,,,,,
,,,,,,,,,,,,,,,,,,,,
,,,,,,,,,,,,,,,,,,,,
,,,,,,,,,,,,,,,,,,,,
,,,,,,,,,,,,,,,,,,,,
,,,,,,,,,,,,,,,,,,,,
,,,,,,,,,,,,,,,,,,,,
,,,,,,,,,,,,,,,,,,,,
,,,,,,,,,,,,,,,,,,,,
,,,,,,,,,,,,,,,,,,,,
,,,,,,,,,,,,,,,,,,,,
,,,,,,,,,,,,,,,,,,,,
,,,,,,,,,,,,,,,,,,,,
,,,,,,,,,,,,,,,,,,,,
,,,,,,,,,,,,,,,,,,,,
,,,,,,,,,,,,,,,,,,,,
,,,,,,,,,,,,,,,,,,,,
,,,,,,,,,,,,,,,,,,,,
,,,,,,,,,,,,,,,,,,,,
,,,,,,,,,,,,,,,,,,,,
,,,,,,,,,,,,,,,,,,,,
,,,,,,,,,,,,,,,,,,,,
,,,,,,,,,,,,,,,,,,,,
,,,,,,,,,,,,,,,,,,,,
,,,,,,,,,,,,,,,,,,,,
,,,,,,,,,,,,,,,,,,,,
,,,,,,,,,,,,,,,,,,,,
,,,,,,,,,,,,,,,,,,,,
,,,,,,,,,,,,,,,,,,,,
,,,,,,,,,,,,,,,,,,,,
,,,,,,,,,,,,,,,,,,,,
,,,,,,,,,,,,,,,,,,,,
,,,,,,,,,,,,,,,,,,,,
,,,,,,,,,,,,,,,,,,,,
,,,,,,,,,,,,,,,,,,,,
,,,,,,,,,,,,,,,,,,,,
,,,,,,,,,,,,,,,,,,,,
,,,,,,,,,,,,,,,,,,,,
,,,,,,,,,,,,,,,,,,,,
,,,,,,,,,,,,,,,,,,,,
,,,,,,,,,,,,,,,,,,,,
,,,,,,,,,,,,,,,,,,,,
,,,,,,,,,,,,,,,,,,,,
,,,,,,,,,,,,,,,,,,,,
,,,,,,,,,,,,,,,,,,,,
,,,,,,,,,,,,,,,,,,,,
,,,,,,,,,,,,,,,,,,,,
,,,,,,,,,,,,,,,,,,,,
,,,,,,,,,,,,,,,,,,,,
,,,,,,,,,,,,,,,,,,,,
,,,,,,,,,,,,,,,,,,,,
,,,,,,,,,,,,,,,,,,,,
,,,,,,,,,,,,,,,,,,,,
,,,,,,,,,,,,,,,,,,,,
,,,,,,,,,,,,,,,,,,,,
,,,,,,,,,,,,,,,,,,,,
,,,,,,,,,,,,,,,,,,,,
,,,,,,,,,,,,,,,,,,,,
,,,,,,,,,,,,,,,,,,,,
,,,,,,,,,,,,,,,,,,,,
,,,,,,,,,,,,,,,,,,,,
,,,,,,,,,,,,,,,,,,,,
,,,,,,,,,,,,,,,,,,,,
,,,,,,,,,,,,,,,,,,,,
,,,,,,,,,,,,,,,,,,,,
,,,,,,,,,,,,,,,,,,,,
,,,,,,,,,,,,,,,,,,,,
,,,,,,,,,,,,,,,,,,,,
,,,,,,,,,,,,,,,,,,,,
,,,,,,,,,,,,,,,,,,,,
,,,,,,,,,,,,,,,,,,,,
,,,,,,,,,,,,,,,,,,,,
,,,,,,,,,,,,,,,,,,,,
,,,,,,,,,,,,,,,,,,,,
,,,,,,,,,,,,,,,,,,,,
,,,,,,,,,,,,,,,,,,,,
,,,,,,,,,,,,,,,,,,,,
,,,,,,,,,,,,,,,,,,,,
,,,,,,,,,,,,,,,,,,,,
,,,,,,,,,,,,,,,,,,,,
,,,,,,,,,,,,,,,,,,,,
,,,,,,,,,,,,,,,,,,,,
,,,,,,,,,,,,,,,,,,,,
,,,,,,,,,,,,,,,,,,,,
,,,,,,,,,,,,,,,,,,,,
,,,,,,,,,,,,,,,,,,,,
,,,,,,,,,,,,,,,,,,,,
,,,,,,,,,,,,,,,,,,,,
,,,,,,,,,,,,,,,,,,,,
,,,,,,,,,,,,,,,,,,,,
,,,,,,,,,,,,,,,,,,,,
,,,,,,,,,,,,,,,,,,,,
,,,,,,,,,,,,,,,,,,,,
,,,,,,,,,,,,,,,,,,,,
,,,,,,,,,,,,,,,,,,,,
,,,,,,,,,,,,,,,,,,,,
,,,,,,,,,,,,,,,,,,,,
,,,,,,,,,,,,,,,,,,,,
,,,,,,,,,,,,,,,,,,,,
,,,,,,,,,,,,,,,,,,,,
,,,,,,,,,,,,,,,,,,,,
,,,,,,,,,,,,,,,,,,,,
,,,,,,,,,,,,,,,,,,,,
,,,,,,,,,,,,,,,,,,,,
,,,,,,,,,,,,,,,,,,,,
,,,,,,,,,,,,,,,,,,,,
,,,,,,,,,,,,,,,,,,,,
,,,,,,,,,,,,,,,,,,,,
,,,,,,,,,,,,,,,,,,,,
,,,,,,,,,,,,,,,,,,,,
,,,,,,,,,,,,,,,,,,,,
,,,,,,,,,,,,,,,,,,,,
,,,,,,,,,,,,,,,,,,,,
,,,,,,,,,,,,,,,,,,,,
,,,,,,,,,,,,,,,,,,,,
,,,,,,,,,,,,,,,,,,,,
,,,,,,,,,,,,,,,,,,,,
,,,,,,,,,,,,,,,,,,,,
,,,,,,,,,,,,,,,,,,,,
,,,,,,,,,,,,,,,,,,,,
,,,,,,,,,,,,,,,,,,,,
,,,,,,,,,,,,,,,,,,,,
,,,,,,,,,,,,,,,,,,,,
,,,,,,,,,,,,,,,,,,,,
,,,,,,,,,,,,,,,,,,,,
,,,,,,,,,,,,,,,,,,,,
,,,,,,,,,,,,,,,,,,,,
,,,,,,,,,,,,,,,,,,,,
,,,,,,,,,,,,,,,,,,,,
,,,,,,,,,,,,,,,,,,,,
,,,,,,,,,,,,,,,,,,,,
,,,,,,,,,,,,,,,,,,,,
,,,,,,,,,,,,,,,,,,,,
,,,,,,,,,,,,,,,,,,,,
,,,,,,,,,,,,,,,,,,,,
,,,,,,,,,,,,,,,,,,,,
,,,,,,,,,,,,,,,,,,,,
,,,,,,,,,,,,,,,,,,,,
,,,,,,,,,,,,,,,,,,,,
,,,,,,,,,,,,,,,,,,,,
,,,,,,,,,,,,,,,,,,,,
,,,,,,,,,,,,,,,,,,,,
,,,,,,,,,,,,,,,,,,,,
,,,,,,,,,,,,,,,,,,,,
,,,,,,,,,,,,,,,,,,,,
,,,,,,,,,,,,,,,,,,,,
,,,,,,,,,,,,,,,,,,,,
,,,,,,,,,,,,,,,,,,,,
,,,,,,,,,,,,,,,,,,,,
,,,,,,,,,,,,,,,,,,,,
,,,,,,,,,,,,,,,,,,,,
,,,,,,,,,,,,,,,,,,,,
,,,,,,,,,,,,,,,,,,,,
,,,,,,,,,,,,,,,,,,,,
,,,,,,,,,,,,,,,,,,,,
,,,,,,,,,,,,,,,,,,,,
,,,,,,,,,,,,,,,,,,,,
,,,,,,,,,,,,,,,,,,,,
,,,,,,,,,,,,,,,,,,,,
,,,,,,,,,,,,,,,,,,,,
,,,,,,,,,,,,,,,,,,,,
,,,,,,,,,,,,,,,,,,,,
,,,,,,,,,,,,,,,,,,,,
,,,,,,,,,,,,,,,,,,,,
,,,,,,,,,,,,,,,,,,,,
,,,,,,,,,,,,,,,,,,,,
,,,,,,,,,,,,,,,,,,,,
,,,,,,,,,,,,,,,,,,,,
,,,,,,,,,,,,,,,,,,,,
,,,,,,,,,,,,,,,,,,,,
,,,,,,,,,,,,,,,,,,,,
,,,,,,,,,,,,,,,,,,,,
,,,,,,,,,,,,,,,,,,,,
,,,,,,,,,,,,,,,,,,,,
,,,,,,,,,,,,,,,,,,,,
,,,,,,,,,,,,,,,,,,,,
,,,,,,,,,,,,,,,,,,,,
,,,,,,,,,,,,,,,,,,,,
,,,,,,,,,,,,,,,,,,,,
,,,,,,,,,,,,,,,,,,,,
,,,,,,,,,,,,,,,,,,,,
,,,,,,,,,,,,,,,,,,,,
,,,,,,,,,,,,,,,,,,,,
,,,,,,,,,,,,,,,,,,,,
,,,,,,,,,,,,,,,,,,,,
,,,,,,,,,,,,,,,,,,,,
,,,,,,,,,,,,,,,,,,,,
,,,,,,,,,,,,,,,,,,,,
,,,,,,,,,,,,,,,,,,,,
,,,,,,,,,,,,,,,,,,,,
,,,,,,,,,,,,,,,,,,,,
,,,,,,,,,,,,,,,,,,,,
,,,,,,,,,,,,,,,,,,,,
,,,,,,,,,,,,,,,,,,,,
,,,,,,,,,,,,,,,,,,,,
,,,,,,,,,,,,,,,,,,,,
,,,,,,,,,,,,,,,,,,,,
,,,,,,,,,,,,,,,,,,,,
,,,,,,,,,,,,,,,,,,,,
,,,,,,,,,,,,,,,,,,,,
,,,,,,,,,,,,,,,,,,,,
,,,,,,,,,,,,,,,,,,,,
,,,,,,,,,,,,,,,,,,,,
,,,,,,,,,,,,,,,,,,,,
,,,,,,,,,,,,,,,,,,,,
,,,,,,,,,,,,,,,,,,,,
,,,,,,,,,,,,,,,,,,,,
,,,,,,,,,,,,,,,,,,,,
,,,,,,,,,,,,,,,,,,,,
,,,,,,,,,,,,,,,,,,,,
,,,,,,,,,,,,,,,,,,,,
,,,,,,,,,,,,,,,,,,,,
,,,,,,,,,,,,,,,,,,,,
,,,,,,,,,,,,,,,,,,,,
,,,,,,,,,,,,,,,,,,,,
,,,,,,,,,,,,,,,,,,,,
,,,,,,,,,,,,,,,,,,,,
,,,,,,,,,,,,,,,,,,,,
,,,,,,,,,,,,,,,,,,,,
,,,,,,,,,,,,,,,,,,,,
,,,,,,,,,,,,,,,,,,,,
,,,,,,,,,,,,,,,,,,,,
,,,,,,,,,,,,,,,,,,,,
,,,,,,,,,,,,,,,,,,,,
,,,,,,,,,,,,,,,,,,,,
,,,,,,,,,,,,,,,,,,,,
,,,,,,,,,,,,,,,,,,,,
,,,,,,,,,,,,,,,,,,,,
,,,,,,,,,,,,,,,,,,,,
,,,,,,,,,,,,,,,,,,,,
,,,,,,,,,,,,,,,,,,,,
,,,,,,,,,,,,,,,,,,,,
,,,,,,,,,,,,,,,,,,,,
,,,,,,,,,,,,,,,,,,,,
,,,,,,,,,,,,,,,,,,,,
,,,,,,,,,,,,,,,,,,,,
,,,,,,,,,,,,,,,,,,,,
,,,,,,,,,,,,,,,,,,,,
,,,,,,,,,,,,,,,,,,,,
,,,,,,,,,,,,,,,,,,,,
,,,,,,,,,,,,,,,,,,,,
,,,,,,,,,,,,,,,,,,,,
,,,,,,,,,,,,,,,,,,,,
,,,,,,,,,,,,,,,,,,,,
,,,,,,,,,,,,,,,,,,,,
,,,,,,,,,,,,,,,,,,,,
,,,,,,,,,,,,,,,,,,,,
,,,,,,,,,,,,,,,,,,,,
,,,,,,,,,,,,,,,,,,,,
,,,,,,,,,,,,,,,,,,,,
,,,,,,,,,,,,,,,,,,,,
,,,,,,,,,,,,,,,,,,,,
,,,,,,,,,,,,,,,,,,,,
,,,,,,,,,,,,,,,,,,,,
,,,,,,,,,,,,,,,,,,,,
,,,,,,,,,,,,,,,,,,,,
,,,,,,,,,,,,,,,,,,,,
,,,,,,,,,,,,,,,,,,,,
,,,,,,,,,,,,,,,,,,,,
,,,,,,,,,,,,,,,,,,,,
,,,,,,,,,,,,,,,,,,,,
,,,,,,,,,,,,,,,,,,,,
,,,,,,,,,,,,,,,,,,,,
,,,,,,,,,,,,,,,,,,,,
,,,,,,,,,,,,,,,,,,,,
,,,,,,,,,,,,,,,,,,,,
,,,,,,,,,,,,,,,,,,,,
,,,,,,,,,,,,,,,,,,,,
,,,,,,,,,,,,,,,,,,,,
,,,,,,,,,,,,,,,,,,,,
,,,,,,,,,,,,,,,,,,,,
,,,,,,,,,,,,,,,,,,,,
,,,,,,,,,,,,,,,,,,,,
,,,,,,,,,,,,,,,,,,,,
,,,,,,,,,,,,,,,,,,,,
,,,,,,,,,,,,,,,,,,,,
,,,,,,,,,,,,,,,,,,,,
,,,,,,,,,,,,,,,,,,,,
,,,,,,,,,,,,,,,,,,,,
,,,,,,,,,,,,,,,,,,,,
,,,,,,,,,,,,,,,,,,,,
,,,,,,,,,,,,,,,,,,,,
,,,,,,,,,,,,,,,,,,,,
,,,,,,,,,,,,,,,,,,,,
,,,,,,,,,,,,,,,,,,,,
,,,,,,,,,,,,,,,,,,,,
,,,,,,,,,,,,,,,,,,,,
,,,,,,,,,,,,,,,,,,,,
,,,,,,,,,,,,,,,,,,,,
,,,,,,,,,,,,,,,,,,,,
,,,,,,,,,,,,,,,,,,,,
,,,,,,,,,,,,,,,,,,,,
,,,,,,,,,,,,,,,,,,,,
,,,,,,,,,,,,,,,,,,,,
,,,,,,,,,,,,,,,,,,,,
,,,,,,,,,,,,,,,,,,,,
,,,,,,,,,,,,,,,,,,,,
,,,,,,,,,,,,,,,,,,,,
,,,,,,,,,,,,,,,,,,,,
,,,,,,,,,,,,,,,,,,,,
,,,,,,,,,,,,,,,,,,,,
,,,,,,,,,,,,,,,,,,,,
,,,,,,,,,,,,,,,,,,,,
,,,,,,,,,,,,,,,,,,,,
,,,,,,,,,,,,,,,,,,,,
,,,,,,,,,,,,,,,,,,,,
,,,,,,,,,,,,,,,,,,,,
,,,,,,,,,,,,,,,,,,,,
,,,,,,,,,,,,,,,,,,,,
,,,,,,,,,,,,,,,,,,,,
,,,,,,,,,,,,,,,,,,,,
,,,,,,,,,,,,,,,,,,,,
,,,,,,,,,,,,,,,,,,,,
,,,,,,,,,,,,,,,,,,,,
,,,,,,,,,,,,,,,,,,,,
,,,,,,,,,,,,,,,,,,,,
,,,,,,,,,,,,,,,,,,,,
,,,,,,,,,,,,,,,,,,,,
,,,,,,,,,,,,,,,,,,,,
,,,,,,,,,,,,,,,,,,,,
,,,,,,,,,,,,,,,,,,,,
,,,,,,,,,,,,,,,,,,,,
,,,,,,,,,,,,,,,,,,,,
,,,,,,,,,,,,,,,,,,,,
,,,,,,,,,,,,,,,,,,,,
,,,,,,,,,,,,,,,,,,,,
,,,,,,,,,,,,,,,,,,,,
,,,,,,,,,,,,,,,,,,,,
,,,,,,,,,,,,,,,,,,,,
,,,,,,,,,,,,,,,,,,,,
,,,,,,,,,,,,,,,,,,,,
,,,,,,,,,,,,,,,,,,,,
,,,,,,,,,,,,,,,,,,,,
,,,,,,,,,,,,,,,,,,,,
,,,,,,,,,,,,,,,,,,,,
,,,,,,,,,,,,,,,,,,,,
,,,,,,,,,,,,,,,,,,,,
,,,,,,,,,,,,,,,,,,,,
,,,,,,,,,,,,,,,,,,,,
,,,,,,,,,,,,,,,,,,,,
,,,,,,,,,,,,,,,,,,,,
,,,,,,,,,,,,,,,,,,,,
,,,,,,,,,,,,,,,,,,,,
,,,,,,,,,,,,,,,,,,,,
,,,,,,,,,,,,,,,,,,,,
,,,,,,,,,,,,,,,,,,,,
,,,,,,,,,,,,,,,,,,,,
,,,,,,,,,,,,,,,,,,,,
,,,,,,,,,,,,,,,,,,,,
,,,,,,,,,,,,,,,,,,,,
,,,,,,,,,,,,,,,,,,,,
,,,,,,,,,,,,,,,,,,,,
,,,,,,,,,,,,,,,,,,,,
,,,,,,,,,,,,,,,,,,,,
,,,,,,,,,,,,,,,,,,,,
,,,,,,,,,,,,,,,,,,,,
,,,,,,,,,,,,,,,,,,,,
,,,,,,,,,,,,,,,,,,,,
,,,,,,,,,,,,,,,,,,,,
,,,,,,,,,,,,,,,,,,,,
,,,,,,,,,,,,,,,,,,,,
,,,,,,,,,,,,,,,,,,,,
,,,,,,,,,,,,,,,,,,,,
,,,,,,,,,,,,,,,,,,,,
,,,,,,,,,,,,,,,,,,,,
,,,,,,,,,,,,,,,,,,,,
,,,,,,,,,,,,,,,,,,,,
,,,,,,,,,,,,,,,,,,,,
,,,,,,,,,,,,,,,,,,,,
,,,,,,,,,,,,,,,,,,,,
,,,,,,,,,,,,,,,,,,,,
,,,,,,,,,,,,,,,,,,,,
,,,,,,,,,,,,,,,,,,,,
,,,,,,,,,,,,,,,,,,,,
,,,,,,,,,,,,,,,,,,,,
,,,,,,,,,,,,,,,,,,,,
,,,,,,,,,,,,,,,,,,,,
,,,,,,,,,,,,,,,,,,,,
,,,,,,,,,,,,,,,,,,,,
,,,,,,,,,,,,,,,,,,,,
,,,,,,,,,,,,,,,,,,,,
,,,,,,,,,,,,,,,,,,,,
,,,,,,,,,,,,,,,,,,,,
,,,,,,,,,,,,,,,,,,,,
,,,,,,,,,,,,,,,,,,,,
,,,,,,,,,,,,,,,,,,,,
,,,,,,,,,,,,,,,,,,,,
,,,,,,,,,,,,,,,,,,,,
,,,,,,,,,,,,,,,,,,,,
,,,,,,,,,,,,,,,,,,,,
,,,,,,,,,,,,,,,,,,,,
,,,,,,,,,,,,,,,,,,,,
,,,,,,,,,,,,,,,,,,,,
,,,,,,,,,,,,,,,,,,,,
,,,,,,,,,,,,,,,,,,,,
,,,,,,,,,,,,,,,,,,,,
,,,,,,,,,,,,,,,,,,,,
,,,,,,,,,,,,,,,,,,,,
,,,,,,,,,,,,,,,,,,,,
,,,,,,,,,,,,,,,,,,,,
,,,,,,,,,,,,,,,,,,,,
,,,,,,,,,,,,,,,,,,,,
,,,,,,,,,,,,,,,,,,,,
,,,,,,,,,,,,,,,,,,,,
,,,,,,,,,,,,,,,,,,,,
,,,,,,,,,,,,,,,,,,,,
,,,,,,,,,,,,,,,,,,,,
,,,,,,,,,,,,,,,,,,,,
,,,,,,,,,,,,,,,,,,,,
,,,,,,,,,,,,,,,,,,,,
,,,,,,,,,,,,,,,,,,,,
,,,,,,,,,,,,,,,,,,,,
,,,,,,,,,,,,,,,,,,,,
,,,,,,,,,,,,,,,,,,,,
,,,,,,,,,,,,,,,,,,,,
,,,,,,,,,,,,,,,,,,,,
,,,,,,,,,,,,,,,,,,,,
,,,,,,,,,,,,,,,,,,,,
,,,,,,,,,,,,,,,,,,,,
,,,,,,,,,,,,,,,,,,,,
,,,,,,,,,,,,,,,,,,,,
,,,,,,,,,,,,,,,,,,,,
,,,,,,,,,,,,,,,,,,,,
,,,,,,,,,,,,,,,,,,,,
,,,,,,,,,,,,,,,,,,,,
,,,,,,,,,,,,,,,,,,,,
,,,,,,,,,,,,,,,,,,,,
,,,,,,,,,,,,,,,,,,,,
